symbol,company_name,source,updated_date
A1CAP,A1 CAPİTAL YATIRIM MENKUL DEĞERLER A.Ş.,kap.org.tr/tr/bist-sirketler,2026-10-04
A1YEN,A1 YENİLENEBİLİR ENERJİ ÜRETİM A.Ş.,kap.org.tr/tr/bist-sirketler,2026-10-04
AAGYO,AĞAOĞLU AVRASYA GAYRİMENKUL YATIRIM ORTAKLIĞI A.Ş.,kap.org.tr/tr/bist-sirketler,2026-10-04
ACP,A1 CAPİTAL YATIRIM MENKUL DEĞERLER A.Ş.,kap.org.tr/tr/bist-sirketler,2026-10-04
ACSEL,ACISELSAN ACIPAYAM SELÜLOZ SANAYİ VE TİCARET A.Ş.,kap.org.tr/tr/bist-sirketler,2026-10-04
ADEL,ADEL KALEMCİLİK TİCARET VE SANAYİ A.Ş.,kap.org.tr/tr/bist-sirketler,2026-10-04
ADESE,ADESE GAYRİMENKUL YATIRIM A.Ş.,kap.org.tr/tr/bist-sirketler,2026-10-04
ADGYO,ADRA GAYRİMENKUL YATIRIM ORTAKLIĞI A.Ş.,kap.org.tr/tr/bist-sirketler,2026-10-04
ADLVY,ADİL VARLIK YÖNETİM A.Ş.,kap.org.tr/tr/bist-sirketler,2026-10-04
AEFES,ANADOLU EFES BİRACILIK VE MALT SANAYİİ A.Ş.,kap.org.tr/tr/bist-sirketler,2026-10-04
AFB,AKTİF YATIRIM BANKASI A.Ş.,kap.org.tr/tr/bist-sirketler,2026-10-04
AFYON,AFYON ÇİMENTO SANAYİ T.A.Ş.,kap.org.tr/tr/bist-sirketler,2026-10-04
AGESA,AGESA HAYAT VE EMEKLİLİK A.Ş.,kap.org.tr/tr/bist-sirketler,2026-10-04
AGHOL,AG ANADOLU GRUBU HOLDİNG A.Ş.,kap.org.tr/tr/bist-sirketler,2026-10-04
AGROT,AGROTECH YÜKSEK TEKNOLOJİ VE YATIRIM A.Ş.,kap.org.tr/tr/bist-sirketler,2026-10-04
AGYO,ATAKULE GAYRİMENKUL YATIRIM ORTAKLIĞI A.Ş.,kap.org.tr/tr/bist-sirketler,2026-10-04
AHGAZ,AHLATCI DOĞAL GAZ DAĞITIM ENERJİ VE YATIRIM A.Ş.,kap.org.tr/tr/bist-sirketler,2026-10-04
AHSGY,AHES GAYRİMENKUL YATIRIM ORTAKLIĞI A.Ş.,kap.org.tr/tr/bist-sirketler,2026-10-04
AKBNK,AKBANK T.A.Ş.,kap.org.tr/tr/bist-sirketler,2026-10-04
AKCNS,AKÇANSA ÇİMENTO SANAYİ VE TİCARET A.Ş.,kap.org.tr/tr/bist-sirketler,2026-10-04
AKCVR,AKADEMİ ÇEVRE ENTEGRE ATIK YÖNETİMİ ENDÜSTRİ A.Ş.,kap.org.tr/tr/bist-sirketler,2026-10-04
AKDFA,AKDENİZ FİNANS FAKTORİNG A.Ş.,kap.org.tr/tr/bist-sirketler,2026-10-04
AKENR,AKENERJİ ELEKTRİK ÜRETİM A.Ş.,kap.org.tr/tr/bist-sirketler,2026-10-04
AKFGY,AKFEN GAYRİMENKUL YATIRIM ORTAKLIĞI A.Ş.,kap.org.tr/tr/bist-sirketler,2026-10-04
AKFIS,AKFEN İNŞAAT TURİZM VE TİCARET A.Ş.,kap.org.tr/tr/bist-sirketler,2026-10-04
AKFK,AK FİNANSAL KİRALAMA A.Ş.,kap.org.tr/tr/bist-sirketler,2026-10-04
AKFYE,AKFEN YENİLENEBİLİR ENERJİ A.Ş.,kap.org.tr/tr/bist-sirketler,2026-10-04
AKGRT,AKSİGORTA A.Ş.,kap.org.tr/tr/bist-sirketler,2026-10-04
AKHAN,AKHAN UN FABRİKASI VE TARIM ÜRÜNLERİ GIDA SANAYİ TİCARET A.Ş.,kap.org.tr/tr/bist-sirketler,2026-10-04
AKM,AK YATIRIM MENKUL DEĞERLER A.Ş.,kap.org.tr/tr/bist-sirketler,2026-10-04
AKMEN,AK YATIRIM MENKUL DEĞERLER A.Ş.,kap.org.tr/tr/bist-sirketler,2026-10-04
AKMGY,AKMERKEZ GAYRİMENKUL YATIRIM ORTAKLIĞI A.Ş.,kap.org.tr/tr/bist-sirketler,2026-10-04
AKSA,AKSA AKRİLİK KİMYA SANAYİİ A.Ş.,kap.org.tr/tr/bist-sirketler,2026-10-04
AKSEN,AKSA ENERJİ ÜRETİM A.Ş.,kap.org.tr/tr/bist-sirketler,2026-10-04
AKSFA,AK FAKTORİNG A.Ş.,kap.org.tr/tr/bist-sirketler,2026-10-04
AKSGY,AKİŞ GAYRİMENKUL YATIRIM ORTAKLIĞI A.Ş.,kap.org.tr/tr/bist-sirketler,2026-10-04
AKSUE,AKSU ENERJİ VE TİCARET A.Ş.,kap.org.tr/tr/bist-sirketler,2026-10-04
AKTIF,AKTİF YATIRIM BANKASI A.Ş.,kap.org.tr/tr/bist-sirketler,2026-10-04
AKTVK,AKTİF BANK SUKUK VARLIK KİRALAMA A.Ş.,kap.org.tr/tr/bist-sirketler,2026-10-04
AKYHO,AKDENİZ YATIRIM HOLDİNG A.Ş.,kap.org.tr/tr/bist-sirketler,2026-10-04
ALARK,ALARKO HOLDİNG A.Ş.,kap.org.tr/tr/bist-sirketler,2026-10-04
ALBRK,ALBARAKA TÜRK KATILIM BANKASI A.Ş.,kap.org.tr/tr/bist-sirketler,2026-10-04
ALBTN,ALBAYRAK HAZIR BETON SANAYİ VE TİCARET A.Ş.,kap.org.tr/tr/bist-sirketler,2026-10-04
ALCAR,ALARKO CARRIER SANAYİ VE TİCARET A.Ş.,kap.org.tr/tr/bist-sirketler,2026-10-04
ALCTL,ALCATEL LUCENT TELETAŞ TELEKOMÜNİKASYON A.Ş.,kap.org.tr/tr/bist-sirketler,2026-10-04
ALFAS,ALFA SOLAR ENERJİ SANAYİ VE TİCARET A.Ş.,kap.org.tr/tr/bist-sirketler,2026-10-04
ALGYO,ALARKO GAYRİMENKUL YATIRIM ORTAKLIĞI A.Ş.,kap.org.tr/tr/bist-sirketler,2026-10-04
ALJF,ALJ FİNANSMAN A.Ş.,kap.org.tr/tr/bist-sirketler,2026-10-04
ALK,ALBARAKA TÜRK KATILIM BANKASI A.Ş.,kap.org.tr/tr/bist-sirketler,2026-10-04
ALKA,ALKİM KAĞIT SANAYİ VE TİCARET A.Ş.,kap.org.tr/tr/bist-sirketler,2026-10-04
ALKIM,ALKİM ALKALİ KİMYA A.Ş.,kap.org.tr/tr/bist-sirketler,2026-10-04
ALKLC,ALTINKILIÇ GIDA VE SÜT SANAYİ TİCARET A.Ş.,kap.org.tr/tr/bist-sirketler,2026-10-04
ALNUS,ALNUS YATIRIM MENKUL DEĞERLER A.Ş.,kap.org.tr/tr/bist-sirketler,2026-10-04
ALTNY,ALTINAY SAVUNMA TEKNOLOJİLERİ A.Ş.,kap.org.tr/tr/bist-sirketler,2026-10-04
ALVES,ALVES KABLO SANAYİ VE TİCARET A.Ş.,kap.org.tr/tr/bist-sirketler,2026-10-04
ANC,ALNUS YATIRIM MENKUL DEĞERLER A.Ş.,kap.org.tr/tr/bist-sirketler,2026-10-04
ANELE,ANEL ELEKTRİK PROJE TAAHHÜT VE TİCARET A.Ş.,kap.org.tr/tr/bist-sirketler,2026-10-04
ANGEN,ANATOLİA TANI VE BİYOTEKNOLOJİ ÜRÜNLERİ ARAŞTIRMA GELİŞTİRME SANAYİ VE TİCARET A.Ş.,kap.org.tr/tr/bist-sirketler,2026-10-04
ANHYT,ANADOLU HAYAT EMEKLİLİK A.Ş.,kap.org.tr/tr/bist-sirketler,2026-10-04
ANSGR,ANADOLU ANONİM TÜRK SİGORTA ŞİRKETİ,kap.org.tr/tr/bist-sirketler,2026-10-04
ARASE,DOĞU ARAS ENERJİ YATIRIMLARI A.Ş.,kap.org.tr/tr/bist-sirketler,2026-10-04
ARCLK,ARÇELİK A.Ş.,kap.org.tr/tr/bist-sirketler,2026-10-04
ARDYZ,ARD GRUP BİLİŞİM TEKNOLOJİLERİ A.Ş.,kap.org.tr/tr/bist-sirketler,2026-10-04
ARENA,ARENA BİLGİSAYAR SANAYİ VE TİCARET A.Ş.,kap.org.tr/tr/bist-sirketler,2026-10-04
ARFYE,ARF BİO YENİLENEBİLİR ENERJİ ÜRETİM A.Ş.,kap.org.tr/tr/bist-sirketler,2026-10-04
ARMGD,ARMADA GIDA TİCARET SANAYİ A.Ş.,kap.org.tr/tr/bist-sirketler,2026-10-04
ARSAN,ARSAN HOLDİNG A.Ş.,kap.org.tr/tr/bist-sirketler,2026-10-04
ARSNF,ARSAN FİNANS FAKTORİNG A.Ş.,kap.org.tr/tr/bist-sirketler,2026-10-04
ARSVY,ARSAN VARLIK YÖNETİM A.Ş.,kap.org.tr/tr/bist-sirketler,2026-10-04
ARTMS,ARTEMİS HALI A.Ş.,kap.org.tr/tr/bist-sirketler,2026-10-04
ARZUM,ARZUM ELEKTRİKLİ EV ALETLERİ SANAYİ VE TİCARET A.Ş.,kap.org.tr/tr/bist-sirketler,2026-10-04
ASELS,ASELSAN ELEKTRONİK SANAYİ VE TİCARET A.Ş.,kap.org.tr/tr/bist-sirketler,2026-10-04
ASGYO,ASCE GAYRİMENKUL YATIRIM ORTAKLIĞI A.Ş.,kap.org.tr/tr/bist-sirketler,2026-10-04
ASTOR,ASTOR ENERJİ A.Ş.,kap.org.tr/tr/bist-sirketler,2026-10-04
ASUZU,ANADOLU ISUZU OTOMOTİV SANAYİ VE TİCARET A.Ş.,kap.org.tr/tr/bist-sirketler,2026-10-04
ATA,ATA YATIRIM MENKUL KIYMETLER A.Ş.,kap.org.tr/tr/bist-sirketler,2026-10-04
ATAGY,ATA GAYRİMENKUL YATIRIM ORTAKLIĞI A.Ş.,kap.org.tr/tr/bist-sirketler,2026-10-04
ATAKP,ATAKEY PATATES GIDA SANAYİ VE TİCARET A.Ş.,kap.org.tr/tr/bist-sirketler,2026-10-04
ATATP,ATP YAZILIM VE TEKNOLOJİ A.Ş.,kap.org.tr/tr/bist-sirketler,2026-10-04
ATATR,ATA TURİZM İŞLETMECİLİK TAŞIMACILIK MADENCİLİK KUYUMCULUK SANAYİ VE DIŞ TİCARET A.Ş.,kap.org.tr/tr/bist-sirketler,2026-10-04
ATAVK,ATA VARLIK KİRALAMA A.Ş.,kap.org.tr/tr/bist-sirketler,2026-10-04
ATAYM,ATA YATIRIM MENKUL KIYMETLER A.Ş.,kap.org.tr/tr/bist-sirketler,2026-10-04
ATEKS,AKIN TEKSTİL A.Ş.,kap.org.tr/tr/bist-sirketler,2026-10-04
ATLAS,ATLAS MENKUL KIYMETLER YATIRIM ORTAKLIĞI A.Ş.,kap.org.tr/tr/bist-sirketler,2026-10-04
ATLFA,ATILIM FAKTORİNG A.Ş.,kap.org.tr/tr/bist-sirketler,2026-10-04
ATSYH,ATLANTİS YATIRIM HOLDİNG A.Ş.,kap.org.tr/tr/bist-sirketler,2026-10-04
AVGYO,AVRASYA GAYRİMENKUL YATIRIM ORTAKLIĞI A.Ş.,kap.org.tr/tr/bist-sirketler,2026-10-04
AVHOL,AVRUPA YATIRIM HOLDİNG A.Ş.,kap.org.tr/tr/bist-sirketler,2026-10-04
AVOD,A.V.O.D. KURUTULMUŞ GIDA VE TARIM ÜRÜNLERİ SANAYİ TİCARET A.Ş.,kap.org.tr/tr/bist-sirketler,2026-10-04
AVPGY,AVRUPAKENT GAYRİMENKUL YATIRIM ORTAKLIĞI A.Ş.,kap.org.tr/tr/bist-sirketler,2026-10-04
AVTUR,AVRASYA PETROL VE TURİSTİK TESİSLER YATIRIMLAR A.Ş.,kap.org.tr/tr/bist-sirketler,2026-10-04
AYCES,ALTIN YUNUS ÇEŞME TURİSTİK TESİSLER A.Ş.,kap.org.tr/tr/bist-sirketler,2026-10-04
AYDEM,AYDEM YENİLENEBİLİR ENERJİ A.Ş.,kap.org.tr/tr/bist-sirketler,2026-10-04
AYEN,AYEN ENERJİ A.Ş.,kap.org.tr/tr/bist-sirketler,2026-10-04
AYES,AYES ÇELİK HASIR VE ÇİT SANAYİ A.Ş.,kap.org.tr/tr/bist-sirketler,2026-10-04
AYGAZ,AYGAZ A.Ş.,kap.org.tr/tr/bist-sirketler,2026-10-04
AZTEK,AZTEK TEKNOLOJİ ÜRÜNLERİ TİCARET A.Ş.,kap.org.tr/tr/bist-sirketler,2026-10-04
BAGFS,BAGFAŞ BANDIRMA GÜBRE FABRİKALARI A.Ş.,kap.org.tr/tr/bist-sirketler,2026-10-04
BAHKM,BAHADIR KİMYA SANAYİ VE TİCARET A.Ş.,kap.org.tr/tr/bist-sirketler,2026-10-04
BAKAB,BAK AMBALAJ SANAYİ VE TİCARET A.Ş.,kap.org.tr/tr/bist-sirketler,2026-10-04
BALAT,BALATACILAR BALATACILIK SANAYİ VE TİCARET A.Ş.,kap.org.tr/tr/bist-sirketler,2026-10-04
BALSU,BALSU GIDA SANAYİ VE TİCARET A.Ş.,kap.org.tr/tr/bist-sirketler,2026-10-04
BANVT,BANVİT BANDIRMA VİTAMİNLİ YEM SANAYİ A.Ş.,kap.org.tr/tr/bist-sirketler,2026-10-04
BARMA,BAREM AMBALAJ SANAYİ VE TİCARET A.Ş.,kap.org.tr/tr/bist-sirketler,2026-10-04
BASCM,BAŞTAŞ BAŞKENT ÇİMENTO SANAYİ VE TİCARET A.Ş.,kap.org.tr/tr/bist-sirketler,2026-10-04
BASGZ,BAŞKENT DOĞALGAZ DAĞITIM GAYRİMENKUL YATIRIM ORTAKLIĞI A.Ş.,kap.org.tr/tr/bist-sirketler,2026-10-04
BAYRK,BAYRAK EBT TABAN SANAYİ VE TİCARET A.Ş.,kap.org.tr/tr/bist-sirketler,2026-10-04
BEGYO,BATI EGE GAYRİMENKUL YATIRIM ORTAKLIĞI A.Ş.,kap.org.tr/tr/bist-sirketler,2026-10-04
BERA,BERA HOLDİNG A.Ş.,kap.org.tr/tr/bist-sirketler,2026-10-04
BESLR,BESLER GIDA VE KİMYA SANAYİ VE TİCARET A.Ş.,kap.org.tr/tr/bist-sirketler,2026-10-04
BESTE,BEST BRANDS GRUP ENERJİ YATIRIM A.Ş.,kap.org.tr/tr/bist-sirketler,2026-10-04
BETAE,BETA ENERJİ VE TEKNOLOJİ A.Ş.,kap.org.tr/tr/bist-sirketler,2026-10-04
BEYAZ,BEYAZ FİLO OTO KİRALAMA A.Ş.,kap.org.tr/tr/bist-sirketler,2026-10-04
BFREN,BOSCH FREN SİSTEMLERİ SANAYİ VE TİCARET A.Ş.,kap.org.tr/tr/bist-sirketler,2026-10-04
BIENY,BİEN YAPI ÜRÜNLERİ SANAYİ TURİZM VE TİCARET A.Ş.,kap.org.tr/tr/bist-sirketler,2026-10-04
BIGCH,BÜYÜK ŞEFLER GIDA TURİZM TEKSTİL DANIŞMANLIK ORGANİZASYON EĞİTİM SANAYİ VE TİCARET A.Ş.,kap.org.tr/tr/bist-sirketler,2026-10-04
BIGEN,BİRLEŞİM GRUP ENERJİ YATIRIMLARI A.Ş.,kap.org.tr/tr/bist-sirketler,2026-10-04
BIGTK,BİG MEDYA TEKNOLOJİ A.Ş.,kap.org.tr/tr/bist-sirketler,2026-10-04
BIMAS,BİM BİRLEŞİK MAĞAZALAR A.Ş.,kap.org.tr/tr/bist-sirketler,2026-10-04
BINBN,BİN ULAŞIM VE AKILLI ŞEHİR TEKNOLOJİLERİ A.Ş.,kap.org.tr/tr/bist-sirketler,2026-10-04
BINHO,1000 YATIRIMLAR HOLDİNG A.Ş.,kap.org.tr/tr/bist-sirketler,2026-10-04
BIOEN,BİOTREND ÇEVRE VE ENERJİ YATIRIMLARI A.Ş.,kap.org.tr/tr/bist-sirketler,2026-10-04
BIZIM,BİZİM TOPTAN SATIŞ MAĞAZALARI A.Ş.,kap.org.tr/tr/bist-sirketler,2026-10-04
BJKAS,BEŞİKTAŞ FUTBOL YATIRIMLARI SANAYİ VE TİCARET A.Ş.,kap.org.tr/tr/bist-sirketler,2026-10-04
BKRGY,BAKIRCI GAYRİMENKUL YATIRIM ORTAKLIĞI A.Ş.,kap.org.tr/tr/bist-sirketler,2026-10-04
BLCYT,BİLİCİ YATIRIM SANAYİ VE TİCARET A.Ş.,kap.org.tr/tr/bist-sirketler,2026-10-04
BLKOM,BİLKOM BİLİŞİM HİZMETLERİ A.Ş.,kap.org.tr/tr/bist-sirketler,2026-10-04
BLS,BULLS YATIRIM MENKUL DEĞERLER A.Ş.,kap.org.tr/tr/bist-sirketler,2026-10-04
BLSMD,BULLS YATIRIM MENKUL DEĞERLER A.Ş.,kap.org.tr/tr/bist-sirketler,2026-10-04
BLUME,BLUME METAL KİMYA A.Ş.,kap.org.tr/tr/bist-sirketler,2026-10-04
BMSCH,BMS ÇELİK HASIR SANAYİ VE TİCARET A.Ş.,kap.org.tr/tr/bist-sirketler,2026-10-04
BMSTL,BMS BİRLEŞİK METAL SANAYİ VE TİCARET A.Ş.,kap.org.tr/tr/bist-sirketler,2026-10-04
BNTAS,BANTAŞ BANDIRMA AMBALAJ SANAYİ VE TİCARET A.Ş.,kap.org.tr/tr/bist-sirketler,2026-10-04
BOBET,BOĞAZİÇİ BETON SANAYİ VE TİCARET A.Ş.,kap.org.tr/tr/bist-sirketler,2026-10-04
BORLS,BORLEASE OTOMOTİV A.Ş.,kap.org.tr/tr/bist-sirketler,2026-10-04
BORSK,BOR ŞEKER A.Ş.,kap.org.tr/tr/bist-sirketler,2026-10-04
BOSSA,BOSSA TİCARET VE SANAYİ İŞLETMELERİ T.A.Ş.,kap.org.tr/tr/bist-sirketler,2026-10-04
BRGAN,BURGAN BANK A.Ş.,kap.org.tr/tr/bist-sirketler,2026-10-04
BRGFK,BURGAN FİNANSAL KİRALAMA A.Ş.,kap.org.tr/tr/bist-sirketler,2026-10-04
BRISA,BRİSA BRİDGESTONE SABANCI LASTİK SANAYİ VE TİCARET A.Ş.,kap.org.tr/tr/bist-sirketler,2026-10-04
BRKO,BİRKO BİRLEŞİK KOYUNLULULAR MENSUCAT TİCARET VE SANAYİ A.Ş.,kap.org.tr/tr/bist-sirketler,2026-10-04
BRKSN,BERKOSAN YALITIM VE TECRİT MADDELERİ ÜRETİM VE TİCARET A.Ş.,kap.org.tr/tr/bist-sirketler,2026-10-04
BRKT,BEREKET VARLIK KİRALAMA A.Ş.,kap.org.tr/tr/bist-sirketler,2026-10-04
BRKVY,BİRİKİM VARLIK YÖNETİM A.Ş.,kap.org.tr/tr/bist-sirketler,2026-10-04
BRLSM,BİRLEŞİM MÜHENDİSLİK ISITMA SOĞUTMA HAVALANDIRMA SANAYİ VE TİCARET A.Ş.,kap.org.tr/tr/bist-sirketler,2026-10-04
BRMEN,BİRLİK MENSUCAT TİCARET VE SANAYİ İŞLETMESİ A.Ş.,kap.org.tr/tr/bist-sirketler,2026-10-04
BRSAN,BORUSAN BİRLEŞİK BORU FABRİKALARI SANAYİ VE TİCARET A.Ş.,kap.org.tr/tr/bist-sirketler,2026-10-04
BRYAT,BORUSAN YATIRIM VE PAZARLAMA A.Ş.,kap.org.tr/tr/bist-sirketler,2026-10-04
BSOKE,BATIÇİM ÇİMENTO SANAYİ A.Ş.,kap.org.tr/tr/bist-sirketler,2026-10-04
BTCIM,BATIÇİM BATI ANADOLU SANAYİ VE TİCARET A.Ş.,kap.org.tr/tr/bist-sirketler,2026-10-04
BUCIM,BURSA ÇİMENTO FABRİKASI A.Ş.,kap.org.tr/tr/bist-sirketler,2026-10-04
BULGS,BULLS GİRİŞİM SERMAYESİ YATIRIM ORTAKLIĞI A.Ş.,kap.org.tr/tr/bist-sirketler,2026-10-04
BUR,BURGAN BANK A.Ş.,kap.org.tr/tr/bist-sirketler,2026-10-04
BURCE,BURÇELİK BURSA ÇELİK DÖKÜM SANAYİİ A.Ş.,kap.org.tr/tr/bist-sirketler,2026-10-04
BURVA,BURÇELİK VANA SANAYİ VE TİCARET A.Ş.,kap.org.tr/tr/bist-sirketler,2026-10-04
BVSAN,BÜLBÜLOĞLU VİNÇ SANAYİ VE TİCARET A.Ş.,kap.org.tr/tr/bist-sirketler,2026-10-04
BYDNR,BAYDÖNER RESTORANLARI A.Ş.,kap.org.tr/tr/bist-sirketler,2026-10-04
CAGFA,ÇAĞDAŞ FAKTORİNG A.Ş.,kap.org.tr/tr/bist-sirketler,2026-10-04
CANTE,ÇAN2 TERMİK A.Ş.,kap.org.tr/tr/bist-sirketler,2026-10-04
CASA,CASA EMTİA PETROL KİMYEVİ VE TÜREVLERİ SANAYİ VE TİCARET A.Ş.,kap.org.tr/tr/bist-sirketler,2026-10-04
CATES,ÇATES ELEKTRİK ÜRETİM A.Ş.,kap.org.tr/tr/bist-sirketler,2026-10-04
CCOLA,COCA-COLA İÇECEK A.Ş.,kap.org.tr/tr/bist-sirketler,2026-10-04
CELHA,ÇELİK HALAT VE TEL SANAYİİ A.Ş.,kap.org.tr/tr/bist-sirketler,2026-10-04
CEMAS,ÇEMAŞ DÖKÜM SANAYİ A.Ş.,kap.org.tr/tr/bist-sirketler,2026-10-04
CEMTS,ÇEMTAŞ ÇELİK MAKİNA SANAYİ VE TİCARET A.Ş.,kap.org.tr/tr/bist-sirketler,2026-10-04
CEMZY,CEM ZEYTİN A.Ş.,kap.org.tr/tr/bist-sirketler,2026-10-04
CEOEM,CEO EVENT MEDYA A.Ş.,kap.org.tr/tr/bist-sirketler,2026-10-04
CGCAM,ÇAĞDAŞ CAM SANAYİ VE TİCARET A.Ş.,kap.org.tr/tr/bist-sirketler,2026-10-04
CIMSA,ÇİMSA ÇİMENTO SANAYİ VE TİCARET A.Ş.,kap.org.tr/tr/bist-sirketler,2026-10-04
CITAS,ÇİTLEKÇİ MAĞAZACILIK GIDA A.Ş.,kap.org.tr/tr/bist-sirketler,2026-10-04
CLEBI,ÇELEBİ HAVA SERVİSİ A.Ş.,kap.org.tr/tr/bist-sirketler,2026-10-04
CLKMT,ÇELİK MOTOR TİCARET A.Ş.,kap.org.tr/tr/bist-sirketler,2026-10-04
CMBTN,ÇİMBETON HAZIRBETON VE PREFABRİK YAPI ELEMANLARI SANAYİ VE TİCARET A.Ş.,kap.org.tr/tr/bist-sirketler,2026-10-04
CMENT,ÇİMENTAŞ İZMİR ÇİMENTO FABRİKASI T.A.Ş.,kap.org.tr/tr/bist-sirketler,2026-10-04
CMSAN,ÇAMSAN ENTEGRE AĞAÇ SANAYİ VE TİCARET A.Ş.,kap.org.tr/tr/bist-sirketler,2026-10-04
CONSE,CONSUS ENERJİ İŞLETMECİLİĞİ VE HİZMETLERİ A.Ş.,kap.org.tr/tr/bist-sirketler,2026-10-04
COSMO,COSMOS YATIRIM HOLDİNG A.Ş.,kap.org.tr/tr/bist-sirketler,2026-10-04
CRDFA,CREDITWEST FAKTORİNG A.Ş.,kap.org.tr/tr/bist-sirketler,2026-10-04
CRFSA,CARREFOURSA CARREFOUR SABANCI TİCARET MERKEZİ A.Ş.,kap.org.tr/tr/bist-sirketler,2026-10-04
CUSAN,ÇUHADAROĞLU METAL SANAYİ VE PAZARLAMA A.Ş.,kap.org.tr/tr/bist-sirketler,2026-10-04
CVKMD,CVK MADEN İŞLETMELERİ SANAYİ VE TİCARET A.Ş.,kap.org.tr/tr/bist-sirketler,2026-10-04
CWENE,CW ENERJİ MÜHENDİSLİK TİCARET VE SANAYİ A.Ş.,kap.org.tr/tr/bist-sirketler,2026-10-04
DAGI,DAGİ GİYİM SANAYİ VE TİCARET A.Ş.,kap.org.tr/tr/bist-sirketler,2026-10-04
DAPGM,DAP GAYRİMENKUL GELİŞTİRME A.Ş.,kap.org.tr/tr/bist-sirketler,2026-10-04
DARDL,DARDANEL ÖNENTAŞ GIDA SANAYİ A.Ş.,kap.org.tr/tr/bist-sirketler,2026-10-04
DCTTR,DCT TRADİNG DIŞ TİCARET A.Ş.,kap.org.tr/tr/bist-sirketler,2026-10-04
DENFA,DENİZ FAKTORİNG A.Ş.,kap.org.tr/tr/bist-sirketler,2026-10-04
DENGE,DENGE YATIRIM HOLDİNG A.Ş.,kap.org.tr/tr/bist-sirketler,2026-10-04
DENVA,DENGE VARLIK YÖNETİM A.Ş.,kap.org.tr/tr/bist-sirketler,2026-10-04
DERHL,DERLÜKS YATIRIM HOLDİNG A.Ş.,kap.org.tr/tr/bist-sirketler,2026-10-04
DERIM,DERİMOD KONFEKSİYON AYAKKABI DERİ SANAYİ VE TİCARET A.Ş.,kap.org.tr/tr/bist-sirketler,2026-10-04
DESA,DESA DERİ SANAYİ VE TİCARET A.Ş.,kap.org.tr/tr/bist-sirketler,2026-10-04
DESPC,DESPEC BİLGİSAYAR PAZARLAMA VE TİCARET A.Ş.,kap.org.tr/tr/bist-sirketler,2026-10-04
DEVA,DEVA HOLDİNG A.Ş.,kap.org.tr/tr/bist-sirketler,2026-10-04
DFKTR,DORUK FAKTORİNG A.Ş.,kap.org.tr/tr/bist-sirketler,2026-10-04
DGATE,DATAGATE BİLGİSAYAR MALZEMELERİ TİCARET A.Ş.,kap.org.tr/tr/bist-sirketler,2026-10-04
DGGYO,DOĞUŞ GAYRİMENKUL YATIRIM ORTAKLIĞI A.Ş.,kap.org.tr/tr/bist-sirketler,2026-10-04
DGNMO,DOĞANLAR MOBİLYA GRUBU İMALAT SANAYİ VE TİCARET A.Ş.,kap.org.tr/tr/bist-sirketler,2026-10-04
DGRVK,DEĞER VARLIK KİRALAMA A.Ş.,kap.org.tr/tr/bist-sirketler,2026-10-04
DIMES,DİMES GIDA SANAYİ VE TİCARET A.Ş.,kap.org.tr/tr/bist-sirketler,2026-10-04
DIRIT,DİRİTEKS DİRİLİŞ TEKSTİL SANAYİ VE TİCARET A.Ş.,kap.org.tr/tr/bist-sirketler,2026-10-04
DITAS,DİTAŞ BDY YEDEK PARÇA İMALAT VE TEKNİK A.Ş.,kap.org.tr/tr/bist-sirketler,2026-10-04
DKVRL,DK VARLIK KİRALAMA A.Ş.,kap.org.tr/tr/bist-sirketler,2026-10-04
DMRGD,DMR UNLU MAMULLER ÜRETİM GIDA TOPTAN PERAKENDE İHRACAT A.Ş.,kap.org.tr/tr/bist-sirketler,2026-10-04
DMSAS,DEMİSAŞ DÖKÜM EMAYE MAMÜLLERİ SANAYİ A.Ş.,kap.org.tr/tr/bist-sirketler,2026-10-04
DNFIN,DENİZ FİNANSAL KİRALAMA A.Ş.,kap.org.tr/tr/bist-sirketler,2026-10-04
DNISI,DİNAMİK ISI MAKİNA YALITIM MALZEMELERİ SANAYİ VE TİCARET A.Ş.,kap.org.tr/tr/bist-sirketler,2026-10-04
DNYVA,DÜNYA VARLIK YÖNETİM A.Ş.,kap.org.tr/tr/bist-sirketler,2026-10-04
DNZEN,DENİZ EKO ENERJİ VE GERİ DÖNÜŞÜM A.Ş.,kap.org.tr/tr/bist-sirketler,2026-10-04
DOAS,DOĞUŞ OTOMOTİV SERVİS VE TİCARET A.Ş.,kap.org.tr/tr/bist-sirketler,2026-10-04
DOCO,DO \u0026 CO AKTIENGESELLSCHAFT,kap.org.tr/tr/bist-sirketler,2026-10-04
DOFER,DOFER YAPI MALZEMELERİ SANAYİ VE TİCARET A.Ş.,kap.org.tr/tr/bist-sirketler,2026-10-04
DOFRB,DOF ROBOTİK SANAYİ A.Ş.,kap.org.tr/tr/bist-sirketler,2026-10-04
DOGUB,DOĞUSAN BORU SANAYİ VE TİCARET A.Ş.,kap.org.tr/tr/bist-sirketler,2026-10-04
DOGVY,DOĞRU VARLIK YÖNETİM A.Ş.,kap.org.tr/tr/bist-sirketler,2026-10-04
DOHOL,DOĞAN ŞİRKETLER GRUBU HOLDİNG A.Ş.,kap.org.tr/tr/bist-sirketler,2026-10-04
DOKTA,DÖKTAŞ DÖKÜMCÜLÜK TİCARET VE SANAYİ A.Ş.,kap.org.tr/tr/bist-sirketler,2026-10-04
DSTKF,DESTEK FİNANS FAKTORİNG A.Ş.,kap.org.tr/tr/bist-sirketler,2026-10-04
DTRND,DOĞAN TREND OTOMOTİV TİCARET HİZMET VE TEKNOLOJİ A.Ş.,kap.org.tr/tr/bist-sirketler,2026-10-04
DUNYH,DÜNYA HOLDİNG A.Ş.,kap.org.tr/tr/bist-sirketler,2026-10-04
DURDO,DURAN DOĞAN BASIM VE AMBALAJ SANAYİ A.Ş.,kap.org.tr/tr/bist-sirketler,2026-10-04
DURKN,DURUKAN ŞEKERLEME SANAYİ VE TİCARET A.Ş.,kap.org.tr/tr/bist-sirketler,2026-10-04
DVRLK,D VARLIK KİRALAMA A.Ş.,kap.org.tr/tr/bist-sirketler,2026-10-04
DYBNK,D YATIRIM BANKASI A.Ş.,kap.org.tr/tr/bist-sirketler,2026-10-04
DYOBY,DYO BOYA FABRİKALARI SANAYİ VE TİCARET A.Ş.,kap.org.tr/tr/bist-sirketler,2026-10-04
DZGYO,DENİZ GAYRİMENKUL YATIRIM ORTAKLIĞI A.Ş.,kap.org.tr/tr/bist-sirketler,2026-10-04
EBEBK,EBEBEK MAĞAZACILIK A.Ş.,kap.org.tr/tr/bist-sirketler,2026-10-04
ECILC,EİS ECZACIBAŞI İLAÇ SINAİ VE FİNANSAL YATIRIMLAR SANAYİ VE TİCARET A.Ş.,kap.org.tr/tr/bist-sirketler,2026-10-04
ECOGR,ECOGREEN ENERJİ HOLDİNG A.Ş.,kap.org.tr/tr/bist-sirketler,2026-10-04
ECZIP,EİP ECZACIBAŞI İLAÇ PAZARLAMA A.Ş.,kap.org.tr/tr/bist-sirketler,2026-10-04
ECZYT,ECZACIBAŞI YATIRIM HOLDİNG ORTAKLIĞI A.Ş.,kap.org.tr/tr/bist-sirketler,2026-10-04
EDATA,E-DATA TEKNOLOJİ PAZARLAMA A.Ş.,kap.org.tr/tr/bist-sirketler,2026-10-04
EDIP,EDİP GAYRİMENKUL YATIRIM SANAYİ VE TİCARET A.Ş.,kap.org.tr/tr/bist-sirketler,2026-10-04
EFOR,EFOR YATIRIM SANAYİ TİCARET A.Ş.,kap.org.tr/tr/bist-sirketler,2026-10-04
EGEEN,EGE ENDÜSTRİ VE TİCARET A.Ş.,kap.org.tr/tr/bist-sirketler,2026-10-04
EGEGY,EGEYAPI AVRUPA GAYRİMENKUL YATIRIM ORTAKLIĞI A.Ş.,kap.org.tr/tr/bist-sirketler,2026-10-04
EGEPO,NASMED ÖZEL SAĞLIK HİZMETLERİ TİCARET A.Ş.,kap.org.tr/tr/bist-sirketler,2026-10-04
EGGUB,EGE GÜBRE SANAYİİ A.Ş.,kap.org.tr/tr/bist-sirketler,2026-10-04
EGPRO,EGE PROFİL TİCARET VE SANAYİ A.Ş.,kap.org.tr/tr/bist-sirketler,2026-10-04
EGSER,EGE SERAMİK SANAYİ VE TİCARET A.Ş.,kap.org.tr/tr/bist-sirketler,2026-10-04
EKDMR,EKİNCİLER DEMİR VE ÇELİK SANAYİ A.Ş.,kap.org.tr/tr/bist-sirketler,2026-10-04
EKER,EKER SÜT ÜRÜNLERİ GIDA SANAYİ VE TİCARET A.Ş.,kap.org.tr/tr/bist-sirketler,2026-10-04
EKGYO,EMLAK KONUT GAYRİMENKUL YATIRIM ORTAKLIĞI A.Ş.,kap.org.tr/tr/bist-sirketler,2026-10-04
EKIM,EKİM TURİZM TİCARET VE SANAYİ A.Ş.,kap.org.tr/tr/bist-sirketler,2026-10-04
EKIZ,EKİZ KİMYA SANAYİ VE TİCARET A.Ş.,kap.org.tr/tr/bist-sirketler,2026-10-04
EKOFA,EKO FAKTORİNG A.Ş.,kap.org.tr/tr/bist-sirketler,2026-10-04
EKOS,EKOS TEKNOLOJİ VE ELEKTRİK A.Ş.,kap.org.tr/tr/bist-sirketler,2026-10-04
EKSUN,EKSUN GIDA TARIM SANAYİ VE TİCARET A.Ş.,kap.org.tr/tr/bist-sirketler,2026-10-04
EKTVK,EMLAK KATILIM VARLIK KİRALAMA A.Ş.,kap.org.tr/tr/bist-sirketler,2026-10-04
ELITE,ELİTE NATUREL ORGANİK GIDA SANAYİ VE TİCARET A.Ş.,kap.org.tr/tr/bist-sirketler,2026-10-04
EMIRV,EMİR VARLIK YÖNETİM A.Ş.,kap.org.tr/tr/bist-sirketler,2026-10-04
EMKEL,EMEK ELEKTRİK ENDÜSTRİSİ A.Ş.,kap.org.tr/tr/bist-sirketler,2026-10-04
EMNIS,EMİNİŞ AMBALAJ SANAYİ VE TİCARET A.Ş.,kap.org.tr/tr/bist-sirketler,2026-10-04
EMPAE,EMPA ELEKTRONİK SANAYİ VE TİCARET A.Ş.,kap.org.tr/tr/bist-sirketler,2026-10-04
EMVAR,EMLAK VARLIK KİRALAMA A.Ş.,kap.org.tr/tr/bist-sirketler,2026-10-04
ENDAE,ENDA ENERJİ HOLDİNG A.Ş.,kap.org.tr/tr/bist-sirketler,2026-10-04
ENERY,ENERYA ENERJİ A.Ş.,kap.org.tr/tr/bist-sirketler,2026-10-04
ENJSA,ENERJİSA ENERJİ A.Ş.,kap.org.tr/tr/bist-sirketler,2026-10-04
ENKAI,ENKA İNŞAAT VE SANAYİ A.Ş.,kap.org.tr/tr/bist-sirketler,2026-10-04
ENPRA,ENPARA BANK A.Ş.,kap.org.tr/tr/bist-sirketler,2026-10-04
ENSRI,ENSARİ SINAİ YATIRIMLAR A.Ş.,kap.org.tr/tr/bist-sirketler,2026-10-04
ENTRA,IC ENTERRA YENİLENEBİLİR ENERJİ A.Ş.,kap.org.tr/tr/bist-sirketler,2026-10-04
EPLAS,EGEPLAST EGE PLASTİK TİCARET VE SANAYİ A.Ş.,kap.org.tr/tr/bist-sirketler,2026-10-04
ERBOS,ERBOSAN ERCİYAS BORU SANAYİ VE TİCARET A.Ş.,kap.org.tr/tr/bist-sirketler,2026-10-04
ERCB,ERCİYAS ÇELİK BORU SANAYİ A.Ş.,kap.org.tr/tr/bist-sirketler,2026-10-04
EREGL,EREĞLİ DEMİR VE ÇELİK FABRİKALARI T.A.Ş.,kap.org.tr/tr/bist-sirketler,2026-10-04
ERGLI,EREĞLİ TEKSTİL TURİZM SANAYİ VE TİCARET A.Ş.,kap.org.tr/tr/bist-sirketler,2026-10-04
ERSU,ERSU MEYVE VE GIDA SANAYİ A.Ş.,kap.org.tr/tr/bist-sirketler,2026-10-04
ESCAR,ESCAR FİLO KİRALAMA HİZMETLERİ A.Ş.,kap.org.tr/tr/bist-sirketler,2026-10-04
ESCOM,ESCORT TEKNOLOJİ YATIRIM A.Ş.,kap.org.tr/tr/bist-sirketler,2026-10-04
ESEN,ESENBOĞA ELEKTRİK ÜRETİM A.Ş.,kap.org.tr/tr/bist-sirketler,2026-10-04
ETILR,ETİLER GIDA VE TİCARİ YATIRIMLAR SANAYİ VE TİCARET A.Ş.,kap.org.tr/tr/bist-sirketler,2026-10-04
ETYAT,EURO TREND YATIRIM ORTAKLIĞI A.Ş.,kap.org.tr/tr/bist-sirketler,2026-10-04
EUHOL,EURO YATIRIM HOLDİNG A.Ş.,kap.org.tr/tr/bist-sirketler,2026-10-04
EUKYO,EURO KAPİTAL YATIRIM ORTAKLIĞI A.Ş.,kap.org.tr/tr/bist-sirketler,2026-10-04
EUPWR,EUROPOWER ENERJİ VE OTOMASYON TEKNOLOJİLERİ SANAYİ TİCARET A.Ş.,kap.org.tr/tr/bist-sirketler,2026-10-04
EUREN,EUROPEN ENDÜSTRİ İNŞAAT SANAYİ VE TİCARET A.Ş.,kap.org.tr/tr/bist-sirketler,2026-10-04
EUYO,EURO MENKUL KIYMET YATIRIM ORTAKLIĞI A.Ş.,kap.org.tr/tr/bist-sirketler,2026-10-04
EXIMB,TÜRKİYE İHRACAT KREDİ BANKASI A.Ş.,kap.org.tr/tr/bist-sirketler,2026-10-04
EYGYO,EYG GAYRİMENKUL YATIRIM ORTAKLIĞI A.Ş.,kap.org.tr/tr/bist-sirketler,2026-10-04
FADE,FADE GIDA YATIRIM SANAYİ TİCARET A.Ş.,kap.org.tr/tr/bist-sirketler,2026-10-04
FAIRF,FAİR FİNANSMAN A.Ş.,kap.org.tr/tr/bist-sirketler,2026-10-04
FBB,FİBABANKA A.Ş.,kap.org.tr/tr/bist-sirketler,2026-10-04
FBBNK,FİBABANKA A.Ş.,kap.org.tr/tr/bist-sirketler,2026-10-04
FENER,FENERBAHÇE FUTBOL A.Ş.,kap.org.tr/tr/bist-sirketler,2026-10-04
FIGOF,FİGO FİNANS FAKTORİNG A.Ş.,kap.org.tr/tr/bist-sirketler,2026-10-04
FIN,QNB BANK A.Ş.,kap.org.tr/tr/bist-sirketler,2026-10-04
FKPET,FİKRET PETROL ÜRÜNLERİ PAZARLAMA SANAYİ VE TİCARET A.Ş.,kap.org.tr/tr/bist-sirketler,2026-10-04
FLAP,FLAP KONGRE TOPLANTI HİZMETLERİ OTOMOTİV VE TURİZM A.Ş.,kap.org.tr/tr/bist-sirketler,2026-10-04
FMIZP,FEDERAL MOGUL İZMİT PİSTON VE PİM ÜRETİM TESİSLERİ A.Ş.,kap.org.tr/tr/bist-sirketler,2026-10-04
FONET,FONET BİLGİ TEKNOLOJİLERİ A.Ş.,kap.org.tr/tr/bist-sirketler,2026-10-04
FORMT,FORMET METAL VE CAM SANAYİ A.Ş.,kap.org.tr/tr/bist-sirketler,2026-10-04
FORTE,FORTE BİLGİ İLETİŞİM TEKNOLOJİLERİ VE SAVUNMA SANAYİ A.Ş.,kap.org.tr/tr/bist-sirketler,2026-10-04
FRIGO,FRİGO-PAK GIDA MADDELERİ SANAYİ VE TİCARET A.Ş.,kap.org.tr/tr/bist-sirketler,2026-10-04
FRMPL,FORMÜL PLASTİK VE METAL SANAYİ A.Ş.,kap.org.tr/tr/bist-sirketler,2026-10-04
FROTO,FORD OTOMOTİV SANAYİ A.Ş.,kap.org.tr/tr/bist-sirketler,2026-10-04
FZLGY,FUZUL GAYRİMENKUL YATIRIM ORTAKLIĞI A.Ş.,kap.org.tr/tr/bist-sirketler,2026-10-04
GARAN,TÜRKİYE GARANTİ BANKASI A.Ş.,kap.org.tr/tr/bist-sirketler,2026-10-04
GARFA,GARANTİ FAKTORİNG A.Ş.,kap.org.tr/tr/bist-sirketler,2026-10-04
GARFL,GARANTİ BBVA OPERASYONEL KİRALAMA HİZMETLERİ A.Ş.,kap.org.tr/tr/bist-sirketler,2026-10-04
GATEG,GATE GROUP TEKNOLOJİ MEDYA VE SİBER GÜVENLİK HİZMETLERİ A.Ş.,kap.org.tr/tr/bist-sirketler,2026-10-04
GEDIK,GEDİK YATIRIM MENKUL DEĞERLER A.Ş.,kap.org.tr/tr/bist-sirketler,2026-10-04
GEDZA,GEDİZ AMBALAJ SANAYİ VE TİCARET A.Ş.,kap.org.tr/tr/bist-sirketler,2026-10-04
GENIL,GEN İLAÇ VE SAĞLIK ÜRÜNLERİ SANAYİ VE TİCARET A.Ş.,kap.org.tr/tr/bist-sirketler,2026-10-04
GENKM,GENTAŞ KİMYA SANAYİ VE TİCARET PAZARLAMA A.Ş.,kap.org.tr/tr/bist-sirketler,2026-10-04
GENTS,GENTAŞ DEKORATİF YÜZEYLER SANAYİ VE TİCARET A.Ş.,kap.org.tr/tr/bist-sirketler,2026-10-04
GEREL,GERSAN ELEKTRİK TİCARET VE SANAYİ A.Ş.,kap.org.tr/tr/bist-sirketler,2026-10-04
GESAN,GİRİŞİM ELEKTRİK SANAYİ TAAHHÜT VE TİCARET A.Ş.,kap.org.tr/tr/bist-sirketler,2026-10-04
GGBVK,GOLDEN GLOBAL VARLIK KİRALAMA A.Ş.,kap.org.tr/tr/bist-sirketler,2026-10-04
GIPTA,GIPTA OFİS KIRTASİYE VE PROMOSYON ÜRÜNLERİ İMALAT SANAYİ A.Ş.,kap.org.tr/tr/bist-sirketler,2026-10-04
GLB,GLOBAL MENKUL DEĞERLER A.Ş.,kap.org.tr/tr/bist-sirketler,2026-10-04
GLBMD,GLOBAL MENKUL DEĞERLER A.Ş.,kap.org.tr/tr/bist-sirketler,2026-10-04
GLCVY,GELECEK VARLIK YÖNETİMİ A.Ş.,kap.org.tr/tr/bist-sirketler,2026-10-04
GLRMK,GÜLERMAK AĞIR SANAYİ İNŞAAT VE TAAHHÜT A.Ş.,kap.org.tr/tr/bist-sirketler,2026-10-04
GLRYH,GÜLER YATIRIM HOLDİNG A.Ş.,kap.org.tr/tr/bist-sirketler,2026-10-04
GLYHO,GLOBAL YATIRIM HOLDİNG A.Ş.,kap.org.tr/tr/bist-sirketler,2026-10-04
GMTAS,GİMAT MAĞAZACILIK SANAYİ VE TİCARET A.Ş.,kap.org.tr/tr/bist-sirketler,2026-10-04
GOKNR,GÖKNUR GIDA MADDELERİ ENERJİ İMALAT İTHALAT İHRACAT TİCARET VE SANAYİ A.Ş.,kap.org.tr/tr/bist-sirketler,2026-10-04
GOLDA,GOLDA GIDA SANAYİ VE TİCARET A.Ş.,kap.org.tr/tr/bist-sirketler,2026-10-04
GOLTS,GÖLTAŞ GÖLLER BÖLGESİ ÇİMENTO SANAYİ VE TİCARET A.Ş.,kap.org.tr/tr/bist-sirketler,2026-10-04
GOODY,GOODYEAR LASTİKLERİ T.A.Ş.,kap.org.tr/tr/bist-sirketler,2026-10-04
GOZDE,GÖZDE GİRİŞİM SERMAYESİ YATIRIM ORTAKLIĞI A.Ş.,kap.org.tr/tr/bist-sirketler,2026-10-04
GRNYO,GARANTİ YATIRIM ORTAKLIĞI A.Ş.,kap.org.tr/tr/bist-sirketler,2026-10-04
GRSEL,GÜR-SEL TURİZM TAŞIMACILIK VE SERVİS TİCARET A.Ş.,kap.org.tr/tr/bist-sirketler,2026-10-04
GRTHO,GRAINTURK HOLDİNG A.Ş.,kap.org.tr/tr/bist-sirketler,2026-10-04
GSDDE,GSD DENİZCİLİK GAYRİMENKUL İNŞAAT SANAYİ VE TİCARET A.Ş.,kap.org.tr/tr/bist-sirketler,2026-10-04
GSDHO,GSD HOLDİNG A.Ş.,kap.org.tr/tr/bist-sirketler,2026-10-04
GSRAY,GALATASARAY SPORTİF SINAİ VE TİCARİ YATIRIMLAR A.Ş.,kap.org.tr/tr/bist-sirketler,2026-10-04
GUBRF,GÜBRE FABRİKALARI T.A.Ş.,kap.org.tr/tr/bist-sirketler,2026-10-04
GUNDG,GÜNDOĞDU GIDA SÜT ÜRÜNLERİ SANAYİ VE DIŞ TİCARET A.Ş.,kap.org.tr/tr/bist-sirketler,2026-10-04
GWIND,GALATA WIND ENERJİ A.Ş.,kap.org.tr/tr/bist-sirketler,2026-10-04
GYVAR,GY VARLIK KİRALAMA A.Ş.,kap.org.tr/tr/bist-sirketler,2026-10-04
GZNMI,GEZİNOMİ SEYAHAT TURİZM TİCARET A.Ş.,kap.org.tr/tr/bist-sirketler,2026-10-04
HALKB,TÜRKİYE HALK BANKASI A.Ş.,kap.org.tr/tr/bist-sirketler,2026-10-04
HALKF,HALK FİNANSAL KİRALAMA A.Ş.,kap.org.tr/tr/bist-sirketler,2026-10-04
HALKI,HALK YATIRIM MENKUL DEĞERLER A.Ş.,kap.org.tr/tr/bist-sirketler,2026-10-04
HATEK,HATEKS HATAY TEKSTİL İŞLETMELERİ A.Ş.,kap.org.tr/tr/bist-sirketler,2026-10-04
HATSN,HAT-SAN GEMİ İNŞAA BAKIM ONARIM DENİZ NAKLİYAT SANAYİ VE TİCARET A.Ş.,kap.org.tr/tr/bist-sirketler,2026-10-04
HAYVK,HAYAT VARLIK KİRALAMA A.Ş.,kap.org.tr/tr/bist-sirketler,2026-10-04
HDFFL,HEDEF ARAÇ KİRALAMA VE SERVİS A.Ş.,kap.org.tr/tr/bist-sirketler,2026-10-04
HDFGS,HEDEF GİRİŞİM SERMAYESİ YATIRIM ORTAKLIĞI A.Ş.,kap.org.tr/tr/bist-sirketler,2026-10-04
HDFVK,HEDEF VARLIK KİRALAMA A.Ş.,kap.org.tr/tr/bist-sirketler,2026-10-04
HDFYB,HEDEF YATIRIM BANKASI A.Ş.,kap.org.tr/tr/bist-sirketler,2026-10-04
HEDEF,HEDEF HOLDİNG A.Ş.,kap.org.tr/tr/bist-sirketler,2026-10-04
HEKTS,HEKTAŞ TİCARET T.A.Ş.,kap.org.tr/tr/bist-sirketler,2026-10-04
HKTM,HİDROPAR HAREKET KONTROL TEKNOLOJİLERİ MERKEZİ SANAYİ VE TİCARET A.Ş.,kap.org.tr/tr/bist-sirketler,2026-10-04
HLGYO,HALK GAYRİMENKUL YATIRIM ORTAKLIĞI A.Ş.,kap.org.tr/tr/bist-sirketler,2026-10-04
HLVKS,HALK VARLIK KİRALAMA A.Ş.,kap.org.tr/tr/bist-sirketler,2026-10-04
HLY,HALK YATIRIM MENKUL DEĞERLER A.Ş.,kap.org.tr/tr/bist-sirketler,2026-10-04
HOROZ,HOROZ LOJİSTİK KARGO HİZMETLERİ VE TİCARET A.Ş.,kap.org.tr/tr/bist-sirketler,2026-10-04
HRKET,HAREKET PROJE TAŞIMACILIĞI VE YÜK MÜHENDİSLİĞİ A.Ş.,kap.org.tr/tr/bist-sirketler,2026-10-04
HTTBT,HİTİT BİLGİSAYAR HİZMETLERİ A.Ş.,kap.org.tr/tr/bist-sirketler,2026-10-04
HUBVC,HUB GİRİŞİM SERMAYESİ YATIRIM ORTAKLIĞI A.Ş.,kap.org.tr/tr/bist-sirketler,2026-10-04
HUNER,HUN YENİLENEBİLİR ENERJİ ÜRETİM A.Ş.,kap.org.tr/tr/bist-sirketler,2026-10-04
HURGZ,HÜRRİYET GAZETECİLİK VE MATBAACILIK A.Ş.,kap.org.tr/tr/bist-sirketler,2026-10-04
HUZFA,HUZUR FAKTORİNG A.Ş.,kap.org.tr/tr/bist-sirketler,2026-10-04
HYB,HEDEF YATIRIM BANKASI A.Ş.,kap.org.tr/tr/bist-sirketler,2026-10-04
IAZ,INVEST-AZ YATIRIM MENKUL DEĞERLER A.Ş.,kap.org.tr/tr/bist-sirketler,2026-10-04
ICB,ICBC TURKEY BANK A.Ş.,kap.org.tr/tr/bist-sirketler,2026-10-04
ICBCT,ICBC TURKEY BANK A.Ş.,kap.org.tr/tr/bist-sirketler,2026-10-04
ICUGS,ICU GİRİŞİM SERMAYESİ YATIRIM ORTAKLIĞI A.Ş.,kap.org.tr/tr/bist-sirketler,2026-10-04
IDGYO,İDEALİST GAYRİMENKUL YATIRIM ORTAKLIĞI A.Ş.,kap.org.tr/tr/bist-sirketler,2026-10-04
IEYHO,IŞIKLAR ENERJİ VE YAPI HOLDİNG A.Ş.,kap.org.tr/tr/bist-sirketler,2026-10-04
IHAAS,İHLAS HABER AJANSI A.Ş.,kap.org.tr/tr/bist-sirketler,2026-10-04
IHEVA,İHLAS EV ALETLERİ İMALAT SANAYİ VE TİCARET A.Ş.,kap.org.tr/tr/bist-sirketler,2026-10-04
IHGZT,İHLAS GAZETECİLİK A.Ş.,kap.org.tr/tr/bist-sirketler,2026-10-04
IHLAS,İHLAS HOLDİNG A.Ş.,kap.org.tr/tr/bist-sirketler,2026-10-04
IHLGM,İHLAS GAYRİMENKUL PROJE GELİŞTİRME VE TİCARET A.Ş.,kap.org.tr/tr/bist-sirketler,2026-10-04
IHYAY,İHLAS YAYIN HOLDİNG A.Ş.,kap.org.tr/tr/bist-sirketler,2026-10-04
IMASM,İMAŞ MAKİNA SANAYİ A.Ş.,kap.org.tr/tr/bist-sirketler,2026-10-04
INALR,İNALLAR OTOMOTİV SANAYİ VE TİCARET A.Ş.,kap.org.tr/tr/bist-sirketler,2026-10-04
INDES,İNDEKS BİLGİSAYAR SİSTEMLERİ MÜHENDİSLİK SANAYİ VE TİCARET A.Ş.,kap.org.tr/tr/bist-sirketler,2026-10-04
INFO,İNFO YATIRIM MENKUL DEĞERLER A.Ş.,kap.org.tr/tr/bist-sirketler,2026-10-04
INGRM,INGRAM MİCRO BİLİŞİM SİSTEMLERİ A.Ş.,kap.org.tr/tr/bist-sirketler,2026-10-04
INTEK,İNNOSA TEKNOLOJİ A.Ş.,kap.org.tr/tr/bist-sirketler,2026-10-04
INTEM,İNTEMA İNŞAAT VE TESİSAT MALZEMELERİ YATIRIM VE PAZARLAMA A.Ş.,kap.org.tr/tr/bist-sirketler,2026-10-04
INTET,İNTETRA TEKNOLOJİ VE BİLİŞİM HİZMETLERİ A.Ş.,kap.org.tr/tr/bist-sirketler,2026-10-04
INVAZ,INVEST-AZ YATIRIM MENKUL DEĞERLER A.Ş.,kap.org.tr/tr/bist-sirketler,2026-10-04
INVEO,INVEO YATIRIM HOLDİNG A.Ş.,kap.org.tr/tr/bist-sirketler,2026-10-04
INVES,INVESTCO HOLDİNG A.Ş.,kap.org.tr/tr/bist-sirketler,2026-10-04
ISATR,TÜRKİYE İŞ BANKASI A.Ş.,kap.org.tr/tr/bist-sirketler,2026-10-04
ISBIR,İŞBİR HOLDİNG A.Ş.,kap.org.tr/tr/bist-sirketler,2026-10-04
ISBTR,TÜRKİYE İŞ BANKASI A.Ş.,kap.org.tr/tr/bist-sirketler,2026-10-04
ISCTR,TÜRKİYE İŞ BANKASI A.Ş.,kap.org.tr/tr/bist-sirketler,2026-10-04
ISDMR,İSKENDERUN DEMİR VE ÇELİK A.Ş.,kap.org.tr/tr/bist-sirketler,2026-10-04
ISFAK,İŞ FAKTORİNG A.Ş.,kap.org.tr/tr/bist-sirketler,2026-10-04
ISFIN,İŞ FİNANSAL KİRALAMA A.Ş.,kap.org.tr/tr/bist-sirketler,2026-10-04
ISGSY,İŞ GİRİŞİM SERMAYESİ YATIRIM ORTAKLIĞI A.Ş.,kap.org.tr/tr/bist-sirketler,2026-10-04
ISGYO,İŞ GAYRİMENKUL YATIRIM ORTAKLIĞI A.Ş.,kap.org.tr/tr/bist-sirketler,2026-10-04
ISKPL,IŞIK PLASTİK SANAYİ VE DIŞ TİCARET PAZARLAMA A.Ş.,kap.org.tr/tr/bist-sirketler,2026-10-04
ISKUR,TÜRKİYE İŞ BANKASI A.Ş.,kap.org.tr/tr/bist-sirketler,2026-10-04
ISMEN,İŞ YATIRIM MENKUL DEĞERLER A.Ş.,kap.org.tr/tr/bist-sirketler,2026-10-04
ISSEN,İŞBİR SENTETİK DOKUMA SANAYİ A.Ş.,kap.org.tr/tr/bist-sirketler,2026-10-04
ISTFK,İSTANBUL FAKTORİNG A.Ş.,kap.org.tr/tr/bist-sirketler,2026-10-04
ISTVY,İSTANBUL VARLIK YÖNETİM A.Ş.,kap.org.tr/tr/bist-sirketler,2026-10-04
ISVEA,İSVEA SERAMİK VE BANYO ÜRÜNLERİ SANAYİ A.Ş.,kap.org.tr/tr/bist-sirketler,2026-10-04
ISYAT,İŞ YATIRIM ORTAKLIĞI A.Ş.,kap.org.tr/tr/bist-sirketler,2026-10-04
IYF,İNFO YATIRIM MENKUL DEĞERLER A.Ş.,kap.org.tr/tr/bist-sirketler,2026-10-04
IYM,İŞ YATIRIM MENKUL DEĞERLER A.Ş.,kap.org.tr/tr/bist-sirketler,2026-10-04
IZENR,İZDEMİR ENERJİ ELEKTRİK ÜRETİM A.Ş.,kap.org.tr/tr/bist-sirketler,2026-10-04
IZFAS,İZMİR FIRÇA SANAYİ VE TİCARET A.Ş.,kap.org.tr/tr/bist-sirketler,2026-10-04
IZINV,İZ YATIRIM HOLDİNG A.Ş.,kap.org.tr/tr/bist-sirketler,2026-10-04
IZMDC,İZMİR DEMİR ÇELİK SANAYİ A.Ş.,kap.org.tr/tr/bist-sirketler,2026-10-04
JANTS,JANTSA JANT SANAYİ VE TİCARET A.Ş.,kap.org.tr/tr/bist-sirketler,2026-10-04
KAPLM,KAPLAMİN AMBALAJ SANAYİ VE TİCARET A.Ş.,kap.org.tr/tr/bist-sirketler,2026-10-04
KARCL,KARDEMİR ÇELİK SANAYİ A.Ş.,kap.org.tr/tr/bist-sirketler,2026-10-04
KAREL,KAREL ELEKTRONİK SANAYİ VE TİCARET A.Ş.,kap.org.tr/tr/bist-sirketler,2026-10-04
KARSN,KARSAN OTOMOTİV SANAYİİ VE TİCARET A.Ş.,kap.org.tr/tr/bist-sirketler,2026-10-04
KARTN,KARTONSAN KARTON SANAYİ VE TİCARET A.Ş.,kap.org.tr/tr/bist-sirketler,2026-10-04
KATMR,KATMERCİLER ARAÇ ÜSTÜ EKİPMAN SANAYİ VE TİCARET A.Ş.,kap.org.tr/tr/bist-sirketler,2026-10-04
KATVK,KATILIM VARLIK KİRALAMA A.Ş.,kap.org.tr/tr/bist-sirketler,2026-10-04
KAYSE,KAYSERİ ŞEKER FABRİKASI A.Ş.,kap.org.tr/tr/bist-sirketler,2026-10-04
KBORU,KUZEY BORU A.Ş.,kap.org.tr/tr/bist-sirketler,2026-10-04
KCAER,KOCAER ÇELİK SANAYİ VE TİCARET A.Ş.,kap.org.tr/tr/bist-sirketler,2026-10-04
KCHOL,KOÇ HOLDİNG A.Ş.,kap.org.tr/tr/bist-sirketler,2026-10-04
KENT,KENT GIDA MADDELERİ SANAYİİ VE TİCARET A.Ş.,kap.org.tr/tr/bist-sirketler,2026-10-04
KERVN,KERVANSARAY YATIRIM HOLDİNG A.Ş.,kap.org.tr/tr/bist-sirketler,2026-10-04
KFEIN,KAFEİN YAZILIM HİZMETLERİ TİCARET A.Ş.,kap.org.tr/tr/bist-sirketler,2026-10-04
KFILO,KAYATUR FİLO KİRALAMA A.Ş.,kap.org.tr/tr/bist-sirketler,2026-10-04
KGYO,KORAY GAYRİMENKUL YATIRIM ORTAKLIĞI A.Ş.,kap.org.tr/tr/bist-sirketler,2026-10-04
KIMMR,ERSAN ALIŞVERİŞ HİZMETLERİ VE GIDA SANAYİ TİCARET A.Ş.,kap.org.tr/tr/bist-sirketler,2026-10-04
KLGYO,KİLER GAYRİMENKUL YATIRIM ORTAKLIĞI A.Ş.,kap.org.tr/tr/bist-sirketler,2026-10-04
KLKIM,KALEKİM KİMYEVİ MADDELER SANAYİ VE TİCARET A.Ş.,kap.org.tr/tr/bist-sirketler,2026-10-04
KLMSN,KLİMASAN KLİMA SANAYİ VE TİCARET A.Ş.,kap.org.tr/tr/bist-sirketler,2026-10-04
KLN,TÜRKİYE KALKINMA VE YATIRIM BANKASI A.Ş.,kap.org.tr/tr/bist-sirketler,2026-10-04
KLNMA,TÜRKİYE KALKINMA VE YATIRIM BANKASI A.Ş.,kap.org.tr/tr/bist-sirketler,2026-10-04
KLRHO,KİLER HOLDİNG A.Ş.,kap.org.tr/tr/bist-sirketler,2026-10-04
KLSER,KALESERAMİK ÇANAKKALE KALEBODUR SERAMİK SANAYİ A.Ş.,kap.org.tr/tr/bist-sirketler,2026-10-04
KLSYN,KOLEKSİYON MOBİLYA SANAYİ A.Ş.,kap.org.tr/tr/bist-sirketler,2026-10-04
KLVKS,KALKINMA YATIRIM VARLIK KİRALAMA A.Ş.,kap.org.tr/tr/bist-sirketler,2026-10-04
KLYPV,KALYON GÜNEŞ TEKNOLOJİLERİ ÜRETİM A.Ş.,kap.org.tr/tr/bist-sirketler,2026-10-04
KMPUR,KİMTEKS POLİÜRETAN SANAYİ VE TİCARET A.Ş.,kap.org.tr/tr/bist-sirketler,2026-10-04
KNFRT,KONFRUT TARIM A.Ş.,kap.org.tr/tr/bist-sirketler,2026-10-04
KNTFA,KENT FİNANS FAKTORİNG A.Ş.,kap.org.tr/tr/bist-sirketler,2026-10-04
KOCFN,KOÇ FİNANSMAN A.Ş.,kap.org.tr/tr/bist-sirketler,2026-10-04
KOCMT,KOÇ METALURJİ A.Ş.,kap.org.tr/tr/bist-sirketler,2026-10-04
KONKA,KONYA KAĞIT SANAYİ VE TİCARET A.Ş.,kap.org.tr/tr/bist-sirketler,2026-10-04
KONTR,KONTROLMATİK TEKNOLOJİ ENERJİ VE MÜHENDİSLİK A.Ş.,kap.org.tr/tr/bist-sirketler,2026-10-04
KONYA,KONYA ÇİMENTO SANAYİİ A.Ş.,kap.org.tr/tr/bist-sirketler,2026-10-04
KOPOL,KOZA POLYESTER SANAYİ VE TİCARET A.Ş.,kap.org.tr/tr/bist-sirketler,2026-10-04
KORDS,KORDSA TEKNİK TEKSTİL A.Ş.,kap.org.tr/tr/bist-sirketler,2026-10-04
KORTS,KORTEKS MENSUCAT SANAYİ VE TİCARET A.Ş.,kap.org.tr/tr/bist-sirketler,2026-10-04
KOTON,KOTON MAĞAZACILIK TEKSTİL SANAYİ VE TİCARET A.Ş.,kap.org.tr/tr/bist-sirketler,2026-10-04
KPEKS,KAPEKS KİMYA SANAYİ A.Ş.,kap.org.tr/tr/bist-sirketler,2026-10-04
KPTGY,KAPİTAL GAYRİMENKUL YATIRIMI GELİŞTİRME VE İŞLETMECİLİK A.Ş.,kap.org.tr/tr/bist-sirketler,2026-10-04
KRDMA,KARDEMİR KARABÜK DEMİR ÇELİK SANAYİ VE TİCARET A.Ş.,kap.org.tr/tr/bist-sirketler,2026-10-04
KRDMB,KARDEMİR KARABÜK DEMİR ÇELİK SANAYİ VE TİCARET A.Ş.,kap.org.tr/tr/bist-sirketler,2026-10-04
KRDMD,KARDEMİR KARABÜK DEMİR ÇELİK SANAYİ VE TİCARET A.Ş.,kap.org.tr/tr/bist-sirketler,2026-10-04
KRGYO,KÖRFEZ GAYRİMENKUL YATIRIM ORTAKLIĞI A.Ş.,kap.org.tr/tr/bist-sirketler,2026-10-04
KRONT,KRON TEKNOLOJİ A.Ş.,kap.org.tr/tr/bist-sirketler,2026-10-04
KRPLS,KOROPLAST TEMİZLİK AMBALAJ ÜRÜNLERİ SANAYİ VE DIŞ TİCARET A.Ş.,kap.org.tr/tr/bist-sirketler,2026-10-04
KRSTL,KRİSTAL KOLA VE MEŞRUBAT SANAYİ TİCARET A.Ş.,kap.org.tr/tr/bist-sirketler,2026-10-04
KRTEK,KARSU TEKSTİL SANAYİİ VE TİCARET A.Ş.,kap.org.tr/tr/bist-sirketler,2026-10-04
KRVGD,KERVAN GIDA SANAYİ VE TİCARET A.Ş.,kap.org.tr/tr/bist-sirketler,2026-10-04
KSFIN,KOÇ STELLANTİS FİNANSMAN A.Ş.,kap.org.tr/tr/bist-sirketler,2026-10-04
KSTUR,KUŞTUR KUŞADASI TURİZM ENDÜSTRİSİ A.Ş.,kap.org.tr/tr/bist-sirketler,2026-10-04
KTKVK,KT KİRA SERTİFİKALARI VARLIK KİRALAMA A.Ş.,kap.org.tr/tr/bist-sirketler,2026-10-04
KTLEV,KATILIMEVİM TASARRUF FİNANSMAN A.Ş.,kap.org.tr/tr/bist-sirketler,2026-10-04
KTSKR,KÜTAHYA ŞEKER FABRİKASI A.Ş.,kap.org.tr/tr/bist-sirketler,2026-10-04
KTSVK,KT SUKUK VARLIK KİRALAMA A.Ş.,kap.org.tr/tr/bist-sirketler,2026-10-04
KUTPO,KÜTAHYA PORSELEN SANAYİ A.Ş.,kap.org.tr/tr/bist-sirketler,2026-10-04
KUVVA,KUVVA GIDA TİCARET VE SANAYİ YATIRIMLARI A.Ş.,kap.org.tr/tr/bist-sirketler,2026-10-04
KUYAS,KUYAŞ YATIRIM A.Ş.,kap.org.tr/tr/bist-sirketler,2026-10-04
KZBGY,KIZILBÜK GAYRİMENKUL YATIRIM ORTAKLIĞI A.Ş.,kap.org.tr/tr/bist-sirketler,2026-10-04
KZGYO,KUZUGRUP GAYRİMENKUL YATIRIM ORTAKLIĞI A.Ş.,kap.org.tr/tr/bist-sirketler,2026-10-04
LIDER,LDR TURİZM A.Ş.,kap.org.tr/tr/bist-sirketler,2026-10-04
LIDFA,LİDER FAKTORİNG A.Ş.,kap.org.tr/tr/bist-sirketler,2026-10-04
LILAK,LİLA KAĞIT SANAYİ VE TİCARET A.Ş.,kap.org.tr/tr/bist-sirketler,2026-10-04
LINK,LİNK BİLGİSAYAR SİSTEMLERİ YAZILIMI VE DONANIMI SANAYİ VE TİCARET A.Ş.,kap.org.tr/tr/bist-sirketler,2026-10-04
LKMNH,LOKMAN HEKİM ENGÜRÜSAĞ SAĞLIK TURİZM EĞİTİM HİZMETLERİ VE İNŞAAT TAAHHÜT A.Ş.,kap.org.tr/tr/bist-sirketler,2026-10-04
LMKDC,LİMAK DOĞU ANADOLU ÇİMENTO SANAYİ VE TİCARET A.Ş.,kap.org.tr/tr/bist-sirketler,2026-10-04
LOGO,LOGO YAZILIM SANAYİ VE TİCARET A.Ş.,kap.org.tr/tr/bist-sirketler,2026-10-04
LRSHO,LORAS HOLDİNG A.Ş.,kap.org.tr/tr/bist-sirketler,2026-10-04
LUKSK,LÜKS KADİFE TİCARET VE SANAYİİ A.Ş.,kap.org.tr/tr/bist-sirketler,2026-10-04
LXGYO,LUXERA GAYRİMENKUL YATIRIM ORTAKLIĞI A.Ş.,kap.org.tr/tr/bist-sirketler,2026-10-04
LYDHO,LYDİA HOLDİNG A.Ş.,kap.org.tr/tr/bist-sirketler,2026-10-04
LYDYE,LYDİA YEŞİL ENERJİ KAYNAKLARI A.Ş.,kap.org.tr/tr/bist-sirketler,2026-10-04
MAALT,MARMARİS ALTINYUNUS TURİSTİK TESİSLER A.Ş.,kap.org.tr/tr/bist-sirketler,2026-10-04
MACKO,MACKOLİK İNTERNET HİZMETLERİ TİCARET A.Ş.,kap.org.tr/tr/bist-sirketler,2026-10-04
MAGEN,MARGÜN ENERJİ ÜRETİM SANAYİ VE TİCARET A.Ş.,kap.org.tr/tr/bist-sirketler,2026-10-04
MAKIM,MAKİM MAKİNA TEKNOLOJİLERİ SANAYİ VE TİCARET A.Ş.,kap.org.tr/tr/bist-sirketler,2026-10-04
MAKTK,MAKİNA TAKIM ENDÜSTRİSİ A.Ş.,kap.org.tr/tr/bist-sirketler,2026-10-04
MANAS,MANAS ENERJİ YÖNETİMİ SANAYİ VE TİCARET A.Ş.,kap.org.tr/tr/bist-sirketler,2026-10-04
MARBL,TUREKS TURUNÇ MADENCİLİK İÇ VE DIŞ TİCARET A.Ş.,kap.org.tr/tr/bist-sirketler,2026-10-04
MARMR,MARMARA HOLDİNG A.Ş.,kap.org.tr/tr/bist-sirketler,2026-10-04
MARTI,MARTI OTEL İŞLETMELERİ A.Ş.,kap.org.tr/tr/bist-sirketler,2026-10-04
MASFN,MASFEN ENERJİ A.Ş.,kap.org.tr/tr/bist-sirketler,2026-10-04
MAVI,MAVİ GİYİM SANAYİ VE TİCARET A.Ş.,kap.org.tr/tr/bist-sirketler,2026-10-04
MBFTR,MERCEDES-BENZ FİNANSMAN TÜRK A.Ş.,kap.org.tr/tr/bist-sirketler,2026-10-04
MCARD,METROPAL KURUMSAL HİZMETLER A.Ş.,kap.org.tr/tr/bist-sirketler,2026-10-04
MDASM,MİDAS MENKUL DEĞERLER A.Ş.,kap.org.tr/tr/bist-sirketler,2026-10-04
MDIAZ,MEDİAZZ YENİ MEDYA VE TEKNOLOJİ YATIRIMLARI A.Ş.,kap.org.tr/tr/bist-sirketler,2026-10-04
MDS,MİDAS MENKUL DEĞERLER A.Ş.,kap.org.tr/tr/bist-sirketler,2026-10-04
MEDTR,MEDİTERA TIBBİ MALZEME SANAYİ VE TİCARET A.Ş.,kap.org.tr/tr/bist-sirketler,2026-10-04
MEGAP,MEGA POLİETİLEN KÖPÜK SANAYİ VE TİCARET A.Ş.,kap.org.tr/tr/bist-sirketler,2026-10-04
MEGMT,MEGA METAL SANAYİ VE TİCARET A.Ş.,kap.org.tr/tr/bist-sirketler,2026-10-04
MEKAG,MEKA GLOBAL MAKİNE İMALAT SANAYİ VE TİCARET A.Ş.,kap.org.tr/tr/bist-sirketler,2026-10-04
MEKMD,MEKSA YATIRIM MENKUL DEĞERLER A.Ş.,kap.org.tr/tr/bist-sirketler,2026-10-04
MEPET,MEPET METRO PETROL VE TESİSLERİ SANAYİ TİCARET A.Ş.,kap.org.tr/tr/bist-sirketler,2026-10-04
MERCN,MERCAN KİMYA SANAYİ VE TİCARET A.Ş.,kap.org.tr/tr/bist-sirketler,2026-10-04
MERIT,MERİT TURİZM YATIRIM VE İŞLETME A.Ş.,kap.org.tr/tr/bist-sirketler,2026-10-04
MERKO,MERKO GIDA SANAYİ VE TİCARET A.Ş.,kap.org.tr/tr/bist-sirketler,2026-10-04
METEN,METGÜN ENERJİ YATIRIMLARI A.Ş.,kap.org.tr/tr/bist-sirketler,2026-10-04
METRO,METRO TİCARİ VE MALİ YATIRIMLAR HOLDİNG A.Ş.,kap.org.tr/tr/bist-sirketler,2026-10-04
MEYSU,MEYSU GIDA SANAYİ VE TİCARET A.Ş.,kap.org.tr/tr/bist-sirketler,2026-10-04
MGROS,MİGROS TİCARET A.Ş.,kap.org.tr/tr/bist-sirketler,2026-10-04
MHRGY,MHR GAYRİMENKUL YATIRIM ORTAKLIĞI A.Ş.,kap.org.tr/tr/bist-sirketler,2026-10-04
MIATK,MİA TEKNOLOJİ A.Ş.,kap.org.tr/tr/bist-sirketler,2026-10-04
MINTF,MİNT FİNANSMAN A.Ş.,kap.org.tr/tr/bist-sirketler,2026-10-04
MMCAS,MMC SANAYİ VE TİCARİ YATIRIMLAR A.Ş.,kap.org.tr/tr/bist-sirketler,2026-10-04
MNDRS,MENDERES TEKSTİL SANAYİ VE TİCARET A.Ş.,kap.org.tr/tr/bist-sirketler,2026-10-04
MNDTR,MONDİ TURKEY OLUKLU MUKAVVA KAĞIT VE AMBALAJ SANAYİ A.Ş.,kap.org.tr/tr/bist-sirketler,2026-10-04
MNGFA,MNG FAKTORİNG A.Ş.,kap.org.tr/tr/bist-sirketler,2026-10-04
MOBTL,MOBİLTEL İLETİŞİM HİZMETLERİ SANAYİ VE TİCARET A.Ş.,kap.org.tr/tr/bist-sirketler,2026-10-04
MOGAN,MOGAN ENERJİ YATIRIM HOLDİNG A.Ş.,kap.org.tr/tr/bist-sirketler,2026-10-04
MOPAS,MOPAŞ MARKETÇİLİK GIDA SANAYİ VE TİCARET A.Ş.,kap.org.tr/tr/bist-sirketler,2026-10-04
MPARK,MLP SAĞLIK HİZMETLERİ A.Ş.,kap.org.tr/tr/bist-sirketler,2026-10-04
MRBAS,MARBAŞ MENKUL DEĞERLER A.Ş.,kap.org.tr/tr/bist-sirketler,2026-10-04
MRBKF,MERCEDES BENZ KAMYON FİNANSMAN A.Ş.,kap.org.tr/tr/bist-sirketler,2026-10-04
MRGYO,MARTI GAYRİMENKUL YATIRIM ORTAKLIĞI A.Ş.,kap.org.tr/tr/bist-sirketler,2026-10-04
MRS,MARBAŞ MENKUL DEĞERLER A.Ş.,kap.org.tr/tr/bist-sirketler,2026-10-04
MRSHL,MARSHALL BOYA VE VERNİK SANAYİİ A.Ş.,kap.org.tr/tr/bist-sirketler,2026-10-04
MSA,MEKSA YATIRIM MENKUL DEĞERLER A.Ş.,kap.org.tr/tr/bist-sirketler,2026-10-04
MSGYO,MİSTRAL GAYRİMENKUL YATIRIM ORTAKLIĞI A.Ş.,kap.org.tr/tr/bist-sirketler,2026-10-04
MTRKS,MATRİKS FİNANSAL TEKNOLOJİLER A.Ş.,kap.org.tr/tr/bist-sirketler,2026-10-04
MTRYO,METRO YATIRIM ORTAKLIĞI A.Ş.,kap.org.tr/tr/bist-sirketler,2026-10-04
MZHLD,MAZHAR ZORLU HOLDİNG A.Ş.,kap.org.tr/tr/bist-sirketler,2026-10-04
NATEN,NATUREL YENİLENEBİLİR ENERJİ TİCARET A.Ş.,kap.org.tr/tr/bist-sirketler,2026-10-04
NETAS,NETAŞ TELEKOMÜNİKASYON A.Ş.,kap.org.tr/tr/bist-sirketler,2026-10-04
NETCD,NETCAD YAZILIM A.Ş.,kap.org.tr/tr/bist-sirketler,2026-10-04
NETGL,NET GLOBAL ENDÜSTRİYEL YATIRIMLAR A.Ş.,kap.org.tr/tr/bist-sirketler,2026-10-04
NIBAS,NİĞBAŞ NİĞDE BETON SANAYİ VE TİCARET A.Ş.,kap.org.tr/tr/bist-sirketler,2026-10-04
NRBNK,NUROL YATIRIM BANKASI A.Ş.,kap.org.tr/tr/bist-sirketler,2026-10-04
NTGAZ,NATURELGAZ SANAYİ VE TİCARET A.Ş.,kap.org.tr/tr/bist-sirketler,2026-10-04
NTHOL,NET HOLDİNG A.Ş.,kap.org.tr/tr/bist-sirketler,2026-10-04
NUGYO,NUROL GAYRİMENKUL YATIRIM ORTAKLIĞI A.Ş.,kap.org.tr/tr/bist-sirketler,2026-10-04
NUHCM,NUH ÇİMENTO SANAYİ A.Ş.,kap.org.tr/tr/bist-sirketler,2026-10-04
NURVK,NUROL VARLIK KİRALAMA A.Ş.,kap.org.tr/tr/bist-sirketler,2026-10-04
NYB,NUROL YATIRIM BANKASI A.Ş.,kap.org.tr/tr/bist-sirketler,2026-10-04
OBAMS,OBA MAKARNACILIK SANAYİ VE TİCARET A.Ş.,kap.org.tr/tr/bist-sirketler,2026-10-04
OBASE,OBASE BİLGİSAYAR VE DANIŞMANLIK HİZMETLERİ TİCARET A.Ş.,kap.org.tr/tr/bist-sirketler,2026-10-04
ODAS,ODAŞ ELEKTRİK ÜRETİM SANAYİ TİCARET A.Ş.,kap.org.tr/tr/bist-sirketler,2026-10-04
ODINE,ODİNE SOLUTİONS TEKNOLOJİ TİCARET VE SANAYİ A.Ş.,kap.org.tr/tr/bist-sirketler,2026-10-04
OFSYM,OFİS YEM GIDA SANAYİ TİCARET A.Ş.,kap.org.tr/tr/bist-sirketler,2026-10-04
OMD,OSMANLI YATIRIM MENKUL DEĞERLER A.Ş.,kap.org.tr/tr/bist-sirketler,2026-10-04
ONCSM,ONCOSEM ONKOLOJİK SİSTEMLER SANAYİ VE TİCARET A.Ş.,kap.org.tr/tr/bist-sirketler,2026-10-04
ONRYT,ONUR YÜKSEK TEKNOLOJİ A.Ş.,kap.org.tr/tr/bist-sirketler,2026-10-04
OPET,OPET PETROLCÜLÜK A.Ş.,kap.org.tr/tr/bist-sirketler,2026-10-04
ORCAY,ORÇAY ORTAKÖY ÇAY SANAYİ VE TİCARET A.Ş.,kap.org.tr/tr/bist-sirketler,2026-10-04
ORFIN,ORFİN FİNANSMAN A.Ş.,kap.org.tr/tr/bist-sirketler,2026-10-04
ORGE,ORGE ENERJİ ELEKTRİK TAAHHÜT A.Ş.,kap.org.tr/tr/bist-sirketler,2026-10-04
ORMA,ORMA ORMAN MAHSÜLLERİ İNTEGRE SANAYİ VE TİCARET A.Ş.,kap.org.tr/tr/bist-sirketler,2026-10-04
ORZAX,ORZAKS İLAÇ VE KİMYA SANAYİ TİCARET A.Ş.,kap.org.tr/tr/bist-sirketler,2026-10-04
OSMEN,OSMANLI YATIRIM MENKUL DEĞERLER A.Ş.,kap.org.tr/tr/bist-sirketler,2026-10-04
OSTIM,OSTİM ENDÜSTRİYEL YATIRIMLAR VE İŞLETME A.Ş.,kap.org.tr/tr/bist-sirketler,2026-10-04
OSVKS,OSMANLI VARLIK KİRALAMA A.Ş.,kap.org.tr/tr/bist-sirketler,2026-10-04
OTKAR,OTOKAR OTOMOTİV VE SAVUNMA SANAYİ A.Ş.,kap.org.tr/tr/bist-sirketler,2026-10-04
OTOSR,OTOSOR OTOMOTİV A.Ş.,kap.org.tr/tr/bist-sirketler,2026-10-04
OTTO,OTTO HOLDİNG A.Ş.,kap.org.tr/tr/bist-sirketler,2026-10-04
OYA,OYAK YATIRIM MENKUL DEĞERLER A.Ş.,kap.org.tr/tr/bist-sirketler,2026-10-04
OYAKC,OYAK ÇİMENTO FABRİKALARI A.Ş.,kap.org.tr/tr/bist-sirketler,2026-10-04
OYAYO,OYAK YATIRIM ORTAKLIĞI A.Ş.,kap.org.tr/tr/bist-sirketler,2026-10-04
OYLUM,OYLUM SINAİ YATIRIMLAR A.Ş.,kap.org.tr/tr/bist-sirketler,2026-10-04
OYYAT,OYAK YATIRIM MENKUL DEĞERLER A.Ş.,kap.org.tr/tr/bist-sirketler,2026-10-04
OZATD,ÖZATA DENİZCİLİK SANAYİ VE TİCARET A.Ş.,kap.org.tr/tr/bist-sirketler,2026-10-04
OZGYO,ÖZDERİCİ GAYRİMENKUL YATIRIM ORTAKLIĞI A.Ş.,kap.org.tr/tr/bist-sirketler,2026-10-04
OZKGY,ÖZAK GAYRİMENKUL YATIRIM ORTAKLIĞI A.Ş.,kap.org.tr/tr/bist-sirketler,2026-10-04
OZRDN,ÖZERDEN AMBALAJ SANAYİ A.Ş.,kap.org.tr/tr/bist-sirketler,2026-10-04
OZSUB,ÖZSU BALIK ÜRETİM A.Ş.,kap.org.tr/tr/bist-sirketler,2026-10-04
OZYSR,ÖZYAŞAR TEL VE GALVANİZLEME SANAYİ A.Ş.,kap.org.tr/tr/bist-sirketler,2026-10-04
PAGYO,PANORA GAYRİMENKUL YATIRIM ORTAKLIĞI A.Ş.,kap.org.tr/tr/bist-sirketler,2026-10-04
PAHOL,PASİFİK HOLDİNG A.Ş.,kap.org.tr/tr/bist-sirketler,2026-10-04
PAMEL,PAMEL YENİLENEBİLİR ELEKTRİK ÜRETİM A.Ş.,kap.org.tr/tr/bist-sirketler,2026-10-04
PAPIL,PAPİLON SAVUNMA TEKNOLOJİ VE TİCARET A.Ş.,kap.org.tr/tr/bist-sirketler,2026-10-04
PARSN,PARSAN MAKİNA PARÇALARI SANAYİİ A.Ş.,kap.org.tr/tr/bist-sirketler,2026-10-04
PASEU,PASİFİK EURASİA LOJİSTİK DIŞ TİCARET A.Ş.,kap.org.tr/tr/bist-sirketler,2026-10-04
PATEK,PASİFİK TEKNOLOJİ A.Ş.,kap.org.tr/tr/bist-sirketler,2026-10-04
PBT,PASHA YATIRIM BANKASI A.Ş.,kap.org.tr/tr/bist-sirketler,2026-10-04
PBTR,PASHA YATIRIM BANKASI A.Ş.,kap.org.tr/tr/bist-sirketler,2026-10-04
PCILT,PC İLETİŞİM VE MEDYA HİZMETLERİ SANAYİ TİCARET A.Ş.,kap.org.tr/tr/bist-sirketler,2026-10-04
PEKGY,PEKER GAYRİMENKUL YATIRIM ORTAKLIĞI A.Ş.,kap.org.tr/tr/bist-sirketler,2026-10-04
PENGD,PENGUEN GIDA SANAYİ A.Ş.,kap.org.tr/tr/bist-sirketler,2026-10-04
PENTA,PENTA TEKNOLOJİ ÜRÜNLERİ DAĞITIM TİCARET A.Ş.,kap.org.tr/tr/bist-sirketler,2026-10-04
PETKM,PETKİM PETROKİMYA HOLDİNG A.Ş.,kap.org.tr/tr/bist-sirketler,2026-10-04
PETUN,PINAR ENTEGRE ET VE UN SANAYİİ A.Ş.,kap.org.tr/tr/bist-sirketler,2026-10-04
PGSUS,PEGASUS HAVA TAŞIMACILIĞI A.Ş.,kap.org.tr/tr/bist-sirketler,2026-10-04
PINSU,PINAR SU VE İÇECEK SANAYİ VE TİCARET A.Ş.,kap.org.tr/tr/bist-sirketler,2026-10-04
PKART,PLASTİKKART AKILLI KART İLETİŞİM SİSTEMLERİ SANAYİ VE TİCARET A.Ş.,kap.org.tr/tr/bist-sirketler,2026-10-04
PKENT,PETROKENT TURİZM A.Ş.,kap.org.tr/tr/bist-sirketler,2026-10-04
PLTUR,PLATFORM TURİZM TAŞIMACILIK GIDA İNŞAAT TEMİZLİK HİZMETLERİ SANAYİ VE TİCARET A.Ş.,kap.org.tr/tr/bist-sirketler,2026-10-04
PNLSN,PANELSAN ÇATI CEPHE SİSTEMLERİ SANAYİ VE TİCARET A.Ş.,kap.org.tr/tr/bist-sirketler,2026-10-04
PNSUT,PINAR SÜT MAMÜLLERİ SANAYİİ A.Ş.,kap.org.tr/tr/bist-sirketler,2026-10-04
POLHO,POLİSAN HOLDİNG A.Ş.,kap.org.tr/tr/bist-sirketler,2026-10-04
POLTK,POLİTEKNİK METAL SANAYİ VE TİCARET A.Ş.,kap.org.tr/tr/bist-sirketler,2026-10-04
PRDGS,PARDUS GİRİŞİM SERMAYESİ YATIRIM ORTAKLIĞI A.Ş.,kap.org.tr/tr/bist-sirketler,2026-10-04
PRFFK,PARAFİNANS FAKTORİNG A.Ş.,kap.org.tr/tr/bist-sirketler,2026-10-04
PRKAB,TÜRK PRYSMİAN KABLO VE SİSTEMLERİ A.Ş.,kap.org.tr/tr/bist-sirketler,2026-10-04
PRKME,PARK ELEKTRİK ÜRETİM MADENCİLİK SANAYİ VE TİCARET A.Ş.,kap.org.tr/tr/bist-sirketler,2026-10-04
PRZMA,PRİZMA PRES MATBAACILIK YAYINCILIK SANAYİ VE TİCARET A.Ş.,kap.org.tr/tr/bist-sirketler,2026-10-04
PSDTC,PERGAMON STATUS DIŞ TİCARET A.Ş.,kap.org.tr/tr/bist-sirketler,2026-10-04
PSGYO,PASİFİK GAYRİMENKUL YATIRIM ORTAKLIĞI A.Ş.,kap.org.tr/tr/bist-sirketler,2026-10-04
QNBFF,QNB FAKTORİNG A.Ş.,kap.org.tr/tr/bist-sirketler,2026-10-04
QNBFK,QNB FİNANSAL KİRALAMA A.Ş.,kap.org.tr/tr/bist-sirketler,2026-10-04
QNBTR,QNB BANK A.Ş.,kap.org.tr/tr/bist-sirketler,2026-10-04
QNBVK,QNB VARLIK KİRALAMA A.Ş.,kap.org.tr/tr/bist-sirketler,2026-10-04
QUAGR,QUA GRANITE HAYAL YAPI VE ÜRÜNLERİ SANAYİ TİCARET A.Ş.,kap.org.tr/tr/bist-sirketler,2026-10-04
QUFIN,QUICK FİNANSMAN A.Ş.,kap.org.tr/tr/bist-sirketler,2026-10-04
QUICK,QUİCK SİGORTA A.Ş.,kap.org.tr/tr/bist-sirketler,2026-10-04
QYATB,Q YATIRIM BANKASI A.Ş.,kap.org.tr/tr/bist-sirketler,2026-10-04
QYHOL,Q YATIRIM HOLDİNG A.Ş.,kap.org.tr/tr/bist-sirketler,2026-10-04
RALYH,RAL YATIRIM HOLDİNG A.Ş.,kap.org.tr/tr/bist-sirketler,2026-10-04
RAYSG,RAY SİGORTA A.Ş.,kap.org.tr/tr/bist-sirketler,2026-10-04
REEDR,REEDER TEKNOLOJİ SANAYİ VE TİCARET A.Ş.,kap.org.tr/tr/bist-sirketler,2026-10-04
RGYAS,RÖNESANS GAYRİMENKUL YATIRIM A.Ş.,kap.org.tr/tr/bist-sirketler,2026-10-04
RNPOL,RAİNBOW POLİKARBONAT SANAYİ TİCARET A.Ş.,kap.org.tr/tr/bist-sirketler,2026-10-04
RODRG,RODRİGO TEKSTİL SANAYİ VE TİCARET A.Ş.,kap.org.tr/tr/bist-sirketler,2026-10-04
RTALB,RTA LABORATUVARLARI BİYOLOJİK ÜRÜNLER İLAÇ VE MAKİNE SANAYİ TİCARET A.Ş.,kap.org.tr/tr/bist-sirketler,2026-10-04
RUBNS,RUBENİS TEKSTİL SANAYİ TİCARET A.Ş.,kap.org.tr/tr/bist-sirketler,2026-10-04
RUZYE,RUZY MADENCİLİK VE ENERJİ YATIRIMLARI SANAYİ VE TİCARET A.Ş.,kap.org.tr/tr/bist-sirketler,2026-10-04
RYGYO,REYSAŞ GAYRİMENKUL YATIRIM ORTAKLIĞI A.Ş.,kap.org.tr/tr/bist-sirketler,2026-10-04
RYSAS,REYSAŞ TAŞIMACILIK VE LOJİSTİK TİCARET A.Ş.,kap.org.tr/tr/bist-sirketler,2026-10-04
SAFKR,SAFKAR EGE SOĞUTMACILIK KLİMA SOĞUK HAVA TESİSLERİ İHRACAT İTHALAT SANAYİ VE TİCARET A.Ş.,kap.org.tr/tr/bist-sirketler,2026-10-04
SAHOL,HACI ÖMER SABANCI HOLDİNG A.Ş.,kap.org.tr/tr/bist-sirketler,2026-10-04
SAMAT,SARAY MATBAACILIK KAĞITÇILIK KIRTASİYECİLİK TİCARET VE SANAYİ A.Ş.,kap.org.tr/tr/bist-sirketler,2026-10-04
SANEL,SAN-EL MÜHENDİSLİK ELEKTRİK TAAHHÜT SANAYİ VE TİCARET A.Ş.,kap.org.tr/tr/bist-sirketler,2026-10-04
SANFM,SANİFOAM ENDÜSTRİ VE TÜKETİM ÜRÜNLERİ SANAYİ TİCARET A.Ş.,kap.org.tr/tr/bist-sirketler,2026-10-04
SANKO,SANKO PAZARLAMA İTHALAT İHRACAT A.Ş.,kap.org.tr/tr/bist-sirketler,2026-10-04
SARAE,ŞA-RA ENERJİ İNŞAAT TİCARET VE SANAYİ A.Ş.,kap.org.tr/tr/bist-sirketler,2026-10-04
SARKY,SARKUYSAN ELEKTROLİTİK BAKIR SANAYİ VE TİCARET A.Ş.,kap.org.tr/tr/bist-sirketler,2026-10-04
SARTN,SARTEN AMBALAJ SANAYİ VE TİCARET A.Ş.,kap.org.tr/tr/bist-sirketler,2026-10-04
SASA,SASA POLYESTER SANAYİ A.Ş.,kap.org.tr/tr/bist-sirketler,2026-10-04
SAYAS,SAY YENİLENEBİLİR ENERJİ EKİPMANLARI SANAYİ VE TİCARET A.Ş.,kap.org.tr/tr/bist-sirketler,2026-10-04
SDTTR,SDT UZAY VE SAVUNMA TEKNOLOJİLERİ A.Ş.,kap.org.tr/tr/bist-sirketler,2026-10-04
SEGMN,SEĞMEN KARDEŞLER GIDA ÜRETİM VE AMBALAJ SANAYİ A.Ş.,kap.org.tr/tr/bist-sirketler,2026-10-04
SEGYO,ŞEKER GAYRİMENKUL YATIRIM ORTAKLIĞI A.Ş.,kap.org.tr/tr/bist-sirketler,2026-10-04
SEK,ŞEKERBANK T.A.Ş.,kap.org.tr/tr/bist-sirketler,2026-10-04
SEKFK,ŞEKER FİNANSAL KİRALAMA A.Ş.,kap.org.tr/tr/bist-sirketler,2026-10-04
SEKUR,SEKURO PLASTİK AMBALAJ SANAYİ A.Ş.,kap.org.tr/tr/bist-sirketler,2026-10-04
SELEC,SELÇUK ECZA DEPOSU TİCARET VE SANAYİ A.Ş.,kap.org.tr/tr/bist-sirketler,2026-10-04
SELVA,SELVA GIDA SANAYİ A.Ş.,kap.org.tr/tr/bist-sirketler,2026-10-04
SERNT,SERANİT GRANİT SERAMİK SANAYİ VE TİCARET A.Ş.,kap.org.tr/tr/bist-sirketler,2026-10-04
SEYKM,SEYİTLER KİMYA SANAYİ A.Ş.,kap.org.tr/tr/bist-sirketler,2026-10-04
SILVR,SİLVERLİNE ENDÜSTRİ VE TİCARET A.Ş.,kap.org.tr/tr/bist-sirketler,2026-10-04
SISE,TÜRKİYE ŞİŞE VE CAM FABRİKALARI A.Ş.,kap.org.tr/tr/bist-sirketler,2026-10-04
SKBNK,ŞEKERBANK T.A.Ş.,kap.org.tr/tr/bist-sirketler,2026-10-04
SKTAS,SÖKTAŞ TEKSTİL SANAYİ VE TİCARET A.Ş.,kap.org.tr/tr/bist-sirketler,2026-10-04
SKY,ŞEKER YATIRIM MENKUL DEĞERLER A.Ş.,kap.org.tr/tr/bist-sirketler,2026-10-04
SKYLP,SKYALP FİNANSAL TEKNOLOJİLER VE DANIŞMANLIK A.Ş.,kap.org.tr/tr/bist-sirketler,2026-10-04
SKYMD,ŞEKER YATIRIM MENKUL DEĞERLER A.Ş.,kap.org.tr/tr/bist-sirketler,2026-10-04
SMART,SMARTİKS YAZILIM A.Ş.,kap.org.tr/tr/bist-sirketler,2026-10-04
SMRFA,SÜMER FAKTORİNG A.Ş.,kap.org.tr/tr/bist-sirketler,2026-10-04
SMRTG,SMART GÜNEŞ ENERJİSİ TEKNOLOJİLERİ ARAŞTIRMA GELİŞTİRME ÜRETİM SANAYİ VE TİCARET A.Ş.,kap.org.tr/tr/bist-sirketler,2026-10-04
SMRVA,SÜMER VARLIK YÖNETİM A.Ş.,kap.org.tr/tr/bist-sirketler,2026-10-04
SNGYO,SİNPAŞ GAYRİMENKUL YATIRIM ORTAKLIĞI A.Ş.,kap.org.tr/tr/bist-sirketler,2026-10-04
SNICA,SANİCA ISI SANAYİ A.Ş.,kap.org.tr/tr/bist-sirketler,2026-10-04
SNPAM,SÖNMEZ PAMUKLU SANAYİİ A.Ş.,kap.org.tr/tr/bist-sirketler,2026-10-04
SODSN,SODAŞ SODYUM SANAYİİ A.Ş.,kap.org.tr/tr/bist-sirketler,2026-10-04
SOHOE,SOHO GİYİM VE ENERJİ A.Ş.,kap.org.tr/tr/bist-sirketler,2026-10-04
SOKE,SÖKE DEĞİRMENCİLİK SANAYİ VE TİCARET A.Ş.,kap.org.tr/tr/bist-sirketler,2026-10-04
SOKM,ŞOK MARKETLER TİCARET A.Ş.,kap.org.tr/tr/bist-sirketler,2026-10-04
SONME,SÖNMEZ FİLAMENT SENTETİK İPLİK VE ELYAF SANAYİ A.Ş.,kap.org.tr/tr/bist-sirketler,2026-10-04
SRVGY,SERVET GAYRİMENKUL YATIRIM ORTAKLIĞI A.Ş.,kap.org.tr/tr/bist-sirketler,2026-10-04
SSAAT,SAAT VE SAAT SANAYİ VE TİCARET A.Ş.,kap.org.tr/tr/bist-sirketler,2026-10-04
SUMAS,SUMAŞ SUNİ TAHTA VE MOBİLYA SANAYİİ A.Ş.,kap.org.tr/tr/bist-sirketler,2026-10-04
SUNTK,SUN TEKSTİL SANAYİ VE TİCARET A.Ş.,kap.org.tr/tr/bist-sirketler,2026-10-04
SURGY,SUR TATİL EVLERİ GAYRİMENKUL YATIRIM ORTAKLIĞI A.Ş.,kap.org.tr/tr/bist-sirketler,2026-10-04
SUWEN,SUWEN TEKSTİL SANAYİ PAZARLAMA A.Ş.,kap.org.tr/tr/bist-sirketler,2026-10-04
SVGYO,SAVUR GAYRİMENKUL YATIRIM ORTAKLIĞI A.Ş.,kap.org.tr/tr/bist-sirketler,2026-10-04
TABGD,TAB GIDA SANAYİ VE TİCARET A.Ş.,kap.org.tr/tr/bist-sirketler,2026-10-04
TAC,TACİRLER YATIRIM MENKUL DEĞERLER A.Ş.,kap.org.tr/tr/bist-sirketler,2026-10-04
TAE,TERA YATIRIM BANKASI A.Ş.,kap.org.tr/tr/bist-sirketler,2026-10-04
TAMFA,TAM FİNANS FAKTORİNG A.Ş.,kap.org.tr/tr/bist-sirketler,2026-10-04
TARFN,TARFİN TARIM A.Ş.,kap.org.tr/tr/bist-sirketler,2026-10-04
TARKM,TARKİM BİTKİ KORUMA SANAYİ VE TİCARET A.Ş.,kap.org.tr/tr/bist-sirketler,2026-10-04
TATEN,TATLIPINAR ENERJİ ÜRETİM A.Ş.,kap.org.tr/tr/bist-sirketler,2026-10-04
TATGD,TAT GIDA SANAYİ A.Ş.,kap.org.tr/tr/bist-sirketler,2026-10-04
TAVHL,TAV HAVALİMANLARI HOLDİNG A.Ş.,kap.org.tr/tr/bist-sirketler,2026-10-04
TBORG,TÜRK TUBORG BİRA VE MALT SANAYİİ A.Ş.,kap.org.tr/tr/bist-sirketler,2026-10-04
TCELL,TURKCELL İLETİŞİM HİZMETLERİ A.Ş.,kap.org.tr/tr/bist-sirketler,2026-10-04
TCKRC,KIRAÇ GALVANİZ TELEKOMİNİKASYON METAL MAKİNE İNŞAAT ELEKTRİK SANAYİ VE TİCARET A.Ş.,kap.org.tr/tr/bist-sirketler,2026-10-04
TCRYT,TACİRLER YATIRIM MENKUL DEĞERLER A.Ş.,kap.org.tr/tr/bist-sirketler,2026-10-04
TDGYO,TREND GAYRİMENKUL YATIRIM ORTAKLIĞI A.Ş.,kap.org.tr/tr/bist-sirketler,2026-10-04
TEBFA,TEB FAKTORİNG A.Ş.,kap.org.tr/tr/bist-sirketler,2026-10-04
TEHOL,TERA YATIRIM TEKNOLOJİ HOLDİNG A.Ş.,kap.org.tr/tr/bist-sirketler,2026-10-04
TEKTU,TEK-ART İNŞAAT TİCARET TURİZM SANAYİ VE YATIRIMLAR A.Ş.,kap.org.tr/tr/bist-sirketler,2026-10-04
TERA,TERA YATIRIM MENKUL DEĞERLER A.Ş.,kap.org.tr/tr/bist-sirketler,2026-10-04
TEVKS,TERA VARLIK KİRALAMA A.Ş.,kap.org.tr/tr/bist-sirketler,2026-10-04
TEZOL,EUROPAP TEZOL KAĞIT SANAYİ VE TİCARET A.Ş.,kap.org.tr/tr/bist-sirketler,2026-10-04
TFNVK,TF VARLIK KİRALAMA A.Ş.,kap.org.tr/tr/bist-sirketler,2026-10-04
TGB,TÜRKİYE GARANTİ BANKASI A.Ş.,kap.org.tr/tr/bist-sirketler,2026-10-04
TGSAS,TGS DIŞ TİCARET A.Ş.,kap.org.tr/tr/bist-sirketler,2026-10-04
THL,TÜRKİYE HALK BANKASI A.Ş.,kap.org.tr/tr/bist-sirketler,2026-10-04
THR,TÜRKİYE İHRACAT KREDİ BANKASI A.Ş.,kap.org.tr/tr/bist-sirketler,2026-10-04
THYAO,TÜRK HAVA YOLLARI A.O.,kap.org.tr/tr/bist-sirketler,2026-10-04
TIB,TÜRKİYE İŞ BANKASI A.Ş.,kap.org.tr/tr/bist-sirketler,2026-10-04
TKFEN,TEKFEN HOLDİNG A.Ş.,kap.org.tr/tr/bist-sirketler,2026-10-04
TKNKA,TEKNİKA PLAST TEKNİK KALIP PLASTİK SANAYİ VE TİCARET A.Ş.,kap.org.tr/tr/bist-sirketler,2026-10-04
TKNSA,TEKNOSA İÇ VE DIŞ TİCARET A.Ş.,kap.org.tr/tr/bist-sirketler,2026-10-04
TLMAN,TRABZON LİMAN İŞLETMECİLİĞİ A.Ş.,kap.org.tr/tr/bist-sirketler,2026-10-04
TMPOL,TEMAPOL POLİMER PLASTİK VE İNŞAAT SANAYİ TİCARET A.Ş.,kap.org.tr/tr/bist-sirketler,2026-10-04
TMSN,TÜMOSAN MOTOR VE TRAKTÖR SANAYİ A.Ş.,kap.org.tr/tr/bist-sirketler,2026-10-04
TNZTP,TAPDİ OKSİJEN ÖZEL SAĞLIK VE EĞİTİM HİZMETLERİ SANAYİ TİCARET A.Ş.,kap.org.tr/tr/bist-sirketler,2026-10-04
TOASO,TOFAŞ TÜRK OTOMOBİL FABRİKASI A.Ş.,kap.org.tr/tr/bist-sirketler,2026-10-04
TRA,TERA YATIRIM MENKUL DEĞERLER A.Ş.,kap.org.tr/tr/bist-sirketler,2026-10-04
TRALT,TÜRK ALTIN İŞLETMELERİ A.Ş.,kap.org.tr/tr/bist-sirketler,2026-10-04
TRBNK,TERA YATIRIM BANKASI A.Ş.,kap.org.tr/tr/bist-sirketler,2026-10-04
TRCAS,TURCAS HOLDİNG A.Ş.,kap.org.tr/tr/bist-sirketler,2026-10-04
TRENJ,TR DOĞAL ENERJİ KAYNAKLARI ARAŞTIRMA VE ÜRETİM A.Ş.,kap.org.tr/tr/bist-sirketler,2026-10-04
TRFFA,TERA FİNANS FAKTORİNG A.Ş.,kap.org.tr/tr/bist-sirketler,2026-10-04
TRGYO,TORUNLAR GAYRİMENKUL YATIRIM ORTAKLIĞI A.Ş.,kap.org.tr/tr/bist-sirketler,2026-10-04
TRHOL,TERA FİNANSAL YATIRIMLAR HOLDİNG A.Ş.,kap.org.tr/tr/bist-sirketler,2026-10-04
TRILC,TURK İLAÇ VE SERUM SANAYİ A.Ş.,kap.org.tr/tr/bist-sirketler,2026-10-04
TRKFN,TURK FİNANSMAN A.Ş.,kap.org.tr/tr/bist-sirketler,2026-10-04
TRKNT,TURKNET İLETİŞİM HİZMETLERİ A.Ş.,kap.org.tr/tr/bist-sirketler,2026-10-04
TRMEN,TRIVE YATIRIM MENKUL DEĞERLER A.Ş.,kap.org.tr/tr/bist-sirketler,2026-10-04
TRMET,TR ANADOLU METAL MADENCİLİK İŞLETMELERİ A.Ş.,kap.org.tr/tr/bist-sirketler,2026-10-04
TRYKI,TİRYAKİ AGRO GIDA SANAYİ VE TİCARET A.Ş.,kap.org.tr/tr/bist-sirketler,2026-10-04
TSGYO,TSKB GAYRİMENKUL YATIRIM ORTAKLIĞI A.Ş.,kap.org.tr/tr/bist-sirketler,2026-10-04
TSK,TÜRKİYE SINAİ KALKINMA BANKASI A.Ş.,kap.org.tr/tr/bist-sirketler,2026-10-04
TSKB,TÜRKİYE SINAİ KALKINMA BANKASI A.Ş.,kap.org.tr/tr/bist-sirketler,2026-10-04
TSPOR,TRABZONSPOR SPORTİF YATIRIM VE FUTBOL İŞLETMECİLİĞİ TİCARET A.Ş.,kap.org.tr/tr/bist-sirketler,2026-10-04
TTKOM,TÜRK TELEKOMÜNİKASYON A.Ş.,kap.org.tr/tr/bist-sirketler,2026-10-04
TTRAK,TÜRK TRAKTÖR VE ZİRAAT MAKİNELERİ A.Ş.,kap.org.tr/tr/bist-sirketler,2026-10-04
TUCLK,TUĞÇELİK ALÜMİNYUM VE METAL MAMÜLLERİ SANAYİ VE TİCARET A.Ş.,kap.org.tr/tr/bist-sirketler,2026-10-04
TUKAS,TUKAŞ GIDA SANAYİ VE TİCARET A.Ş.,kap.org.tr/tr/bist-sirketler,2026-10-04
TUPRS,TÜPRAŞ-TÜRKİYE PETROL RAFİNERİLERİ A.Ş.,kap.org.tr/tr/bist-sirketler,2026-10-04
TUREX,TUREKS TURİZM TAŞIMACILIK A.Ş.,kap.org.tr/tr/bist-sirketler,2026-10-04
TURGG,TÜRKER PROJE GAYRİMENKUL VE YATIRIM GELİŞTİRME A.Ş.,kap.org.tr/tr/bist-sirketler,2026-10-04
TURSG,TÜRKİYE SİGORTA A.Ş.,kap.org.tr/tr/bist-sirketler,2026-10-04
TV8TV,TV8 TV YAYINCILIK A.Ş.,kap.org.tr/tr/bist-sirketler,2026-10-04
TVB,TÜRKİYE VAKIFLAR BANKASI T.A.O.,kap.org.tr/tr/bist-sirketler,2026-10-04
TVM,TRIVE YATIRIM MENKUL DEĞERLER A.Ş.,kap.org.tr/tr/bist-sirketler,2026-10-04
UCAYM,ÜÇAY MÜHENDİSLİK ENERJİ VE İKLİMLENDİRME TEKNOLOJİLERİ A.Ş.,kap.org.tr/tr/bist-sirketler,2026-10-04
UFUK,UFUK YATIRIM YÖNETİM VE GAYRİMENKUL A.Ş.,kap.org.tr/tr/bist-sirketler,2026-10-04
ULAS,ULAŞLAR TURİZM ENERJİ TARIM GIDA VE İNŞAAT YATIRIMLARI A.Ş.,kap.org.tr/tr/bist-sirketler,2026-10-04
ULKER,ÜLKER BİSKÜVİ SANAYİ A.Ş.,kap.org.tr/tr/bist-sirketler,2026-10-04
ULUFA,ULUSAL FAKTORİNG A.Ş.,kap.org.tr/tr/bist-sirketler,2026-10-04
ULUSE,ULUSOY ELEKTRİK İMALAT TAAHHÜT VE TİCARET A.Ş.,kap.org.tr/tr/bist-sirketler,2026-10-04
ULUUN,ULUSOY UN SANAYİ VE TİCARET A.Ş.,kap.org.tr/tr/bist-sirketler,2026-10-04
UMPAS,UMPAŞ HOLDİNG A.Ş.,kap.org.tr/tr/bist-sirketler,2026-10-04
UNLU,ÜNLÜ YATIRIM HOLDİNG A.Ş.,kap.org.tr/tr/bist-sirketler,2026-10-04
USAK,UŞAK SERAMİK SANAYİ A.Ş.,kap.org.tr/tr/bist-sirketler,2026-10-04
USHOL,US YATIRIM HOLDİNG A.Ş.,kap.org.tr/tr/bist-sirketler,2026-10-04
VAKBN,TÜRKİYE VAKIFLAR BANKASI T.A.O.,kap.org.tr/tr/bist-sirketler,2026-10-04
VAKFA,VAKIF FAKTORİNG A.Ş.,kap.org.tr/tr/bist-sirketler,2026-10-04
VAKFN,VAKIF FİNANSAL KİRALAMA A.Ş.,kap.org.tr/tr/bist-sirketler,2026-10-04
VAKKO,VAKKO TEKSTİL VE HAZIR GİYİM SANAYİ İŞLETMELERİ A.Ş.,kap.org.tr/tr/bist-sirketler,2026-10-04
VAKVK,VAKIF VARLIK KİRALAMA A.Ş.,kap.org.tr/tr/bist-sirketler,2026-10-04
VANGD,VANET GIDA SANAYİ İÇ VE DIŞ TİCARET A.Ş.,kap.org.tr/tr/bist-sirketler,2026-10-04
VBTYZ,VBT YAZILIM A.Ş.,kap.org.tr/tr/bist-sirketler,2026-10-04
VDFAS,VOLKSWAGEN DOĞUŞ FİNANSMAN A.Ş.,kap.org.tr/tr/bist-sirketler,2026-10-04
VDFLO,VDF FİLO KİRALAMA A.Ş.,kap.org.tr/tr/bist-sirketler,2026-10-04
VERTU,VERUSATURK GİRİŞİM SERMAYESİ YATIRIM ORTAKLIĞI A.Ş.,kap.org.tr/tr/bist-sirketler,2026-10-04
VERUS,VERUSA HOLDİNG A.Ş.,kap.org.tr/tr/bist-sirketler,2026-10-04
VESBE,VESTEL BEYAZ EŞYA SANAYİ VE TİCARET A.Ş.,kap.org.tr/tr/bist-sirketler,2026-10-04
VESTL,VESTEL ELEKTRONİK SANAYİ VE TİCARET A.Ş.,kap.org.tr/tr/bist-sirketler,2026-10-04
VEYAS,TÜRKER VANGÖLÜ ENERJİ YATIRIM A.Ş.,kap.org.tr/tr/bist-sirketler,2026-10-04
VKFYO,VAKIF MENKUL KIYMET YATIRIM ORTAKLIĞI A.Ş.,kap.org.tr/tr/bist-sirketler,2026-10-04
VKGYO,VAKIF GAYRİMENKUL YATIRIM ORTAKLIĞI A.Ş.,kap.org.tr/tr/bist-sirketler,2026-10-04
VKING,VİKİNG KAĞIT VE SELÜLOZ A.Ş.,kap.org.tr/tr/bist-sirketler,2026-10-04
VRGYO,VERA KONSEPT GAYRİMENKUL YATIRIM ORTAKLIĞI A.Ş.,kap.org.tr/tr/bist-sirketler,2026-10-04
VSNMD,VİŞNE MADENCİLİK ÜRETİM SANAYİ VE TİCARET A.Ş.,kap.org.tr/tr/bist-sirketler,2026-10-04
YAPRK,YAPRAK SÜT VE BESİ ÇİFTLİKLERİ SANAYİ VE TİCARET A.Ş.,kap.org.tr/tr/bist-sirketler,2026-10-04
YATAS,YATAŞ YATAK VE YORGAN SANAYİ TİCARET A.Ş.,kap.org.tr/tr/bist-sirketler,2026-10-04
YATVK,YATIRIM VARLIK KİRALAMA A.Ş.,kap.org.tr/tr/bist-sirketler,2026-10-04
YAYLA,YAYLA ENERJİ ÜRETİM TURİZM VE İNŞAAT TİCARET A.Ş.,kap.org.tr/tr/bist-sirketler,2026-10-04
YBQ,Q YATIRIM BANKASI A.Ş.,kap.org.tr/tr/bist-sirketler,2026-10-04
YBTAS,YİBİTAŞ YOZGAT İŞÇİ BİRLİĞİ İNŞAAT MALZEMELERİ TİCARET VE SANAYİ A.Ş.,kap.org.tr/tr/bist-sirketler,2026-10-04
YEOTK,YEO TEKNOLOJİ ENERJİ VE ENDÜSTRİ A.Ş.,kap.org.tr/tr/bist-sirketler,2026-10-04
YESIL,YEŞİL YATIRIM HOLDİNG A.Ş.,kap.org.tr/tr/bist-sirketler,2026-10-04
YGGYO,YENİ GİMAT GAYRİMENKUL YATIRIM ORTAKLIĞI A.Ş.,kap.org.tr/tr/bist-sirketler,2026-10-04
YIGIT,YİĞİT AKÜ MALZEMELERİ NAKLİYAT TURİZM İNŞAAT SANAYİ VE TİCARET A.Ş.,kap.org.tr/tr/bist-sirketler,2026-10-04
YKB,YAPI VE KREDİ BANKASI A.Ş.,kap.org.tr/tr/bist-sirketler,2026-10-04
YKBNK,YAPI VE KREDİ BANKASI A.Ş.,kap.org.tr/tr/bist-sirketler,2026-10-04
YKFIN,YAPI KREDİ FİNANSAL KİRALAMA A.O.,kap.org.tr/tr/bist-sirketler,2026-10-04
YKFKT,YAPI KREDİ FAKTORİNG A.Ş.,kap.org.tr/tr/bist-sirketler,2026-10-04
YKR,YAPI KREDİ YATIRIM MENKUL DEĞERLER A.Ş.,kap.org.tr/tr/bist-sirketler,2026-10-04
YKSLN,YÜKSELEN ÇELİK A.Ş.,kap.org.tr/tr/bist-sirketler,2026-10-04
YKYAT,YAPI KREDİ YATIRIM MENKUL DEĞERLER A.Ş.,kap.org.tr/tr/bist-sirketler,2026-10-04
YONGA,YONGA MOBİLYA SANAYİ VE TİCARET A.Ş.,kap.org.tr/tr/bist-sirketler,2026-10-04
YUNSA,YÜNSA YÜNLÜ SANAYİ VE TİCARET A.Ş.,kap.org.tr/tr/bist-sirketler,2026-10-04
YYAPI,YEŞİL YAPI ENDÜSTRİSİ A.Ş.,kap.org.tr/tr/bist-sirketler,2026-10-04
YYLGD,YAYLA AGRO GIDA SANAYİ VE TİCARET A.Ş.,kap.org.tr/tr/bist-sirketler,2026-10-04
ZEDUR,ZEDUR ENERJİ ELEKTRİK ÜRETİM A.Ş.,kap.org.tr/tr/bist-sirketler,2026-10-04
ZERGY,ZERAY GAYRİMENKUL YATIRIM ORTAKLIĞI A.Ş.,kap.org.tr/tr/bist-sirketler,2026-10-04
ZGYO,Z GAYRİMENKUL YATIRIM ORTAKLIĞI A.Ş.,kap.org.tr/tr/bist-sirketler,2026-10-04
ZKBVK,ZİRAAT KATILIM VARLIK KİRALAMA A.Ş.,kap.org.tr/tr/bist-sirketler,2026-10-04
ZKBVR,ZKB VARLIK KİRALAMA A.Ş.,kap.org.tr/tr/bist-sirketler,2026-10-04
ZOREN,ZORLU ENERJİ ELEKTRİK ÜRETİM A.Ş.,kap.org.tr/tr/bist-sirketler,2026-10-04
ZRGYO,ZİRAAT GAYRİMENKUL YATIRIM ORTAKLIĞI A.Ş.,kap.org.tr/tr/bist-sirketler,2026-10-04
